Company Name,Batch,Short Description,Founder Name(s),Founder LinkedIn URL(s),Company URL,Website
Coinbase,Summer 2012,"Buy, sell, and manage cryptocurrencies.","Startup Directory, Garry Tan, Brian Armstrong",,https://www.ycombinator.com/companies/coinbase,https://www.coinbase.com
DoorDash,Summer 2013,Restaurant delivery.,"Startup Directory, San Francisco, Tony Xu, Andy Fang",,https://www.ycombinator.com/companies/doordash,http://doordash.com
Oklo,Summer 2014,"Emission free, always on power from advanced fission power plants.","Startup Directory, Caroline Cochran",,https://www.ycombinator.com/companies/oklo,http://oklo.com
Airbnb,Winter 2009,Book accommodations around the world.,"Startup Directory, Brian Chesky, Nathan Blecharczyk",,https://www.ycombinator.com/companies/airbnb,http://airbnb.com
Groww,Winter 2018,"Making financial services simple, transparent and delightful. ","Startup Directory, Latest News, Lalit Keshre, Ishan Bansal",,https://www.ycombinator.com/companies/groww,https://groww.in
Meesho,Summer 2016,Democratizing internet commerce for everyone in India,"Startup Directory, Vidit Aatrey, Sanjeev Barnwal",,https://www.ycombinator.com/companies/meesho,http://www.meesho.com
GitLab,Winter 2015,A complete DevOps platform delivered as a single application.,"Startup Directory, San Francisco, Sid Sijbrandij, Dmytro Zaporozhets",,https://www.ycombinator.com/companies/gitlab,http://gitlab.com/
Rigetti Computing,Summer 2014,Quantum coherent supercomputing.,"Startup Directory, Chad Rigetti",,https://www.ycombinator.com/companies/rigetti-computing,http://rigetti.com
Instacart,Summer 2012,Marketplace for grocery delivery and pickup,"Startup Directory, Apoorva Mehta, Brandon Leonardo",,https://www.ycombinator.com/companies/instacart,https://www.instacart.com
Dropbox,Summer 2007,Backup and share files in the cloud.,"Startup Directory, Drew Houston, Arash Ferdowsi",,https://www.ycombinator.com/companies/dropbox,http://dropbox.com
Matterport,Winter 2012,Turn physical objects and environments into 3D models in seconds.,"Startup Directory, David Gausebeck",,https://www.ycombinator.com/companies/matterport,http://matterport.com
PagerDuty,Summer 2010,Real-time visibility into critical apps and services all in one place.,"Startup Directory, Alex Solomon",,https://www.ycombinator.com/companies/pagerduty,http://pagerduty.com
Amplitude,Winter 2012,Digital Analytics Platform,"Startup Directory, Spenser Skates, Curtis Liu",,https://www.ycombinator.com/companies/amplitude,https://amplitude.com
Ginkgo Bioworks,Summer 2014,Our mission is to make biology easier to engineer.,"Startup Directory, Barry Canton, Austin Che",,https://www.ycombinator.com/companies/ginkgo-bioworks,http://ginkgobioworks.com
BillionToOne,Summer 2017,The genetic testing platform detecting and measuring disease.,"Startup Directory, Jared Friedman, Oguzhan Atay, David Tsao",,https://www.ycombinator.com/companies/billiontoone,https://www.billiontoone.com
Weave,Winter 2014,Customer communication and payments platform.,"Startup Directory, Brandon Rodman, Jared Rodman",,https://www.ycombinator.com/companies/weave,http://getweave.com
Momentus,Summer 2018,The space infrastructure services company,"Startup Directory, Mikhail Kokorich",,https://www.ycombinator.com/companies/momentus,https://momentus.space
Pardes Biosciences,Summer 2020,We break viruses,"Startup Directory, Uri Lopatin",,https://www.ycombinator.com/companies/pardes-bio,http://www.pardesbio.com
Lucira Health,Winter 2015,Next generation infectious disease test kits,"Startup Directory, Debkishore Mitra",,https://www.ycombinator.com/companies/lucira-health,https://www.lucirahealth.com/
Embark Trucks,Winter 2016,Self-driving semi trucks.,"Startup Directory, Alex Rodrigues, Brandon Moak, Old Embark",,https://www.ycombinator.com/companies/embark-trucks,http://embarktrucks.com
Segment,Summer 2011,"Software and APIs to collect, clean, and control customer data.","Startup Directory, Ilya Volodarsky",,https://www.ycombinator.com/companies/segment,http://segment.com
PlanGrid,Winter 2012,Mobile applications for the construction industry.,"Startup Directory, Tracy Young, Ralph Gootee",,https://www.ycombinator.com/companies/plangrid,http://plangrid.com
Algolia,Winter 2014,A developer-friendly and enterprise-grade search API.,"Startup Directory, Nicolas Dessaigne, Julien Lemoine",,https://www.ycombinator.com/companies/algolia,http://www.algolia.com
Truebill,Winter 2016,Live your best financial life,"Startup Directory, Yahya Mokhtarzada, Haroon Mokhtarzada, Angel Investor",,https://www.ycombinator.com/companies/truebill,https://www.truebill.com
Twitch,Winter 2007,A global community creating the future of live entertainment.,"Startup Directory, Emmett Shear, Justin Kan",,https://www.ycombinator.com/companies/twitch,http://twitch.com
Bellabeat,Winter 2014,Tech-powered women's wellness.,"Startup Directory, Urska Srsen, Sandro Mur",,https://www.ycombinator.com/companies/bellabeat,http://bellabeat.com
Cruise,Winter 2014,Self-driving cars.,"Startup Directory, Kyle Vogt, Daniel Kan",,https://www.ycombinator.com/companies/cruise,http://getcruise.com
Casetext,Summer 2013,We make the world's laws free and understandable. ,"Startup Directory, Jake Heller",,https://www.ycombinator.com/companies/casetext,http://casetext.com
Bird,Summer 2016,The world’s largest omnichannel communications platform,"Startup Directory, Jared Friedman, Robert Vis, Bob Violier",,https://www.ycombinator.com/companies/bird,http://bird.com
Benchling,Summer 2012,Unlocking the power of biotech with modern software for modern science,"Startup Directory, San Francisco, Sajith Wickramasekara",,https://www.ycombinator.com/companies/benchling,http://benchling.com
Brex,Winter 2017,"Business accounts, corporate cards, and spend management software.","Startup Directory, Henrique Dubugras, Pedro Franceschi",,https://www.ycombinator.com/companies/brex,https://www.brex.com
Checkr,Summer 2014,People infrastructure for the future of work,"Startup Directory, Daniel Yanisse, Jonathan Perichon",,https://www.ycombinator.com/companies/checkr,http://www.checkr.com
Codecademy,Summer 2011,The leading online learning platform for technical skills.,"Startup Directory, New York, Zach Sims",,https://www.ycombinator.com/companies/codecademy,http://codecademy.com
The Athletic,Summer 2016,Subscription sports media.,"Startup Directory, Alex Mather, Adam Hansmann",,https://www.ycombinator.com/companies/the-athletic,https://theathletic.com
Lever,Summer 2012,Talent Acquisition Suite that combines ATS + Talent CRM,"Startup Directory, Nate Smith, Sarah Nahm",,https://www.ycombinator.com/companies/lever,https://www.lever.co/
Sendwave,Winter 2012,"Instant, no fee international remittances.","Startup Directory, Drew Durbin, Lincoln Quirk",,https://www.ycombinator.com/companies/sendwave,https://www.sendwave.com
Clipboard,Winter 2017,Connects workplaces with professionals nearby.,"Startup Directory, Wei Deng",,https://www.ycombinator.com/companies/clipboard,https://www.clipboardhealth.com/careers
Deel,Winter 2019,The all-in-one HR and payroll platform for global teams,"Startup Directory, Alex Bouaziz, Shuo Wang",,https://www.ycombinator.com/companies/deel,https://www.deel.com/
Heap,Winter 2013,Captures user interactions with no code to generate analytics.,"Startup Directory, San Francisco, Matin Movassate",,https://www.ycombinator.com/companies/heap,https://heap.io/
Caper,Winter 2016,Plug-and-play cashier-less retail powered by computer vision and AI,"Startup Directory, Lindon Gao, Ahmed Beshry",,https://www.ycombinator.com/companies/caper,https://www.caper.ai/
EquipmentShare,Winter 2015,Cloud solutions for the construction industry.,"Startup Directory, Brad Siegler, Jeff Lowe",,https://www.ycombinator.com/companies/equipmentshare,https://www.equipmentshare.com
Clever,Summer 2012,The platform that powers technology in the classroom.,"Startup Directory, Dan Carroll, Rafael Garcia",,https://www.ycombinator.com/companies/clever,https://clever.com
Fivestars,Winter 2011,Customer loyalty and payments platform for small businesses.,"Startup Directory, Victor Ho, Matt Doka",,https://www.ycombinator.com/companies/fivestars,http://fivestars.com
Reddit,Summer 2005,The frontpage of the internet.,"Startup Directory, Steve Huffman",,https://www.ycombinator.com/companies/reddit,http://reddit.com
Machine Zone,Winter 2008,Pioneers of mobile social gaming.,"Startup Directory, Palo Alto, Gabriel Leydon, Halbert Nakagawa",,https://www.ycombinator.com/companies/machine-zone,https://www.mz.com
Faire,Winter 2017,The global online platform empowering independent retail.,"Startup Directory, Gustaf Alstromer, Max Rhodes, Marcelo Cortes",,https://www.ycombinator.com/companies/faire,https://www.faire.com/
Flexport,Winter 2014,Platform for global logistics.,"Startup Directory, Ryan Petersen",,https://www.ycombinator.com/companies/flexport,https://www.flexport.com/careers/jobs/
Fivetran,Winter 2013,The leader in automated data movement,"Startup Directory, Taylor Brown, George Fraser",,https://www.ycombinator.com/companies/fivetran,http://fivetran.com
Optimizely,Winter 2010,The first all-in-one operating system for marketing,"Startup Directory, Pete Koomen",,https://www.ycombinator.com/companies/optimizely,http://optimizely.com
WePay,Summer 2009,Payments for platform businesses.,"Startup Directory, Bill Clerico, Richard Aberman",,https://www.ycombinator.com/companies/wepay,http://wepay.com
Weebly,Winter 2007,Build a free website that grows with your business.,"Startup Directory, David Rusenko, Chris Fanini",,https://www.ycombinator.com/companies/weebly,http://weebly.com
NURX,Winter 2016,"Medicine or testing kit, prescribed online and delivered to your door.","Startup Directory, New York, Edvard Engesaeth",,https://www.ycombinator.com/companies/nurx,https://www.nurx.com/
Sqreen,Winter 2018,Sqreen is the application security platform for the modern enterprise,"Startup Directory, Pierre Betouin, Baptiste Aviat",,https://www.ycombinator.com/companies/sqreen,https://www.sqreen.com/
Flock Safety,Summer 2017,The first public safety operating system that eliminates crime.,"Startup Directory, Garrett Langley, Matt Feury",,https://www.ycombinator.com/companies/flock-safety,http://www.flocksafety.com
Go1,Summer 2015,A learning platform that enables you to train your staff or customers.,"Startup Directory, San Francisco, Andrew Barnes, Chris Eigeland",,https://www.ycombinator.com/companies/go1,https://go1.com
CoreOS,Summer 2013,Open source tools of modern distributed systems.,"Startup Directory, San Francisco, Alex Polvi",,https://www.ycombinator.com/companies/coreos,http://coreos.com
Bear Flag Robotics,Winter 2018,Autonomous driving technology for farm tractors.,"Startup Directory, Igino Cafiero, Aubrey Donnellan",,https://www.ycombinator.com/companies/bear-flag-robotics,http://bearflagrobotics.com/
Heroku,Winter 2008,Enabling developers to build and run applications in the cloud.,"Startup Directory, San Francisco, Orion Henry, James Lindenbaum",,https://www.ycombinator.com/companies/heroku,http://heroku.com
GOAT Group,Winter 2011,"Platform for the greatest products from the past, present and future.","Startup Directory, Eddy Lu, Daishin Sugano",,https://www.ycombinator.com/companies/goat-group,https://www.goatgroup.com/
HelloSign,Winter 2011,eSignature software for small and mid-market businesses.,"Startup Directory, San Francisco",,https://www.ycombinator.com/companies/hellosign,https://www.hellosign.com
GrubMarket,Winter 2015,AI-powered technology enabler and digital transformer of American…,"Startup Directory, San Francisco, Mike Xu",,https://www.ycombinator.com/companies/grubmarket,http://grubmarket.com
Gusto,Winter 2012,Provides growing businesses with everything to take care of their team,"Startup Directory, Josh Reeves, Edward Kim, Engineering Team, Design Teams",,https://www.ycombinator.com/companies/gusto,https://gusto.com
Zenefits,Winter 2013,"HR for small businesses: onboarding, payroll and benefits.","Startup Directory, San Francisco, Laks Srini",,https://www.ycombinator.com/companies/zenefits,http://zenefits.com
Honeylove,Summer 2018,Honeylove makes functional undergarments for women,"Startup Directory, Betsie Larkin",,https://www.ycombinator.com/companies/honeylove,https://www.honeylove.com
Modern Fertility,Summer 2017,At-home fertility test for women who aren't ready for kids right now…,"Startup Directory, San Francisco, Afton Vechery, Carly Leahy",,https://www.ycombinator.com/companies/modern-fertility,https://www.modernfertility.com
OpenInvest,Summer 2015,Values based personalization at scale for asset and wealth management,"Startup Directory, Conor Murray, Phillip Wei",,https://www.ycombinator.com/companies/openinvest,http://www.openinvest.com
Mixpanel,Summer 2009,Mixpanel is event analytics for builders that need answers.,"Startup Directory, Suhail Doshi, Tim Trefren",,https://www.ycombinator.com/companies/mixpanel,http://mixpanel.com
Cognito,Summer 2014,"Frictionless, modern identity verification that starts with just a…","Startup Directory, Alain Meier, John Backus",,https://www.ycombinator.com/companies/cognito,https://cognitohq.com
Paystack,Winter 2016,Modern payments infrastructure for Africa,"Startup Directory, Shola Akinlade, Ezra Olubi",,https://www.ycombinator.com/companies/paystack,https://www.paystack.com
Moxion Power Co.,Winter 2021,Mobile Energy Storage Technology,"Startup Directory, Paul Huelskamp, Alexander Meek",,https://www.ycombinator.com/companies/moxion-power-co,https://www.moxionpower.com/
DrChrono,Winter 2011,The essential platform for modern medical practices and patients.,"Startup Directory, Michael Nusimow, Daniel Kivatinos",,https://www.ycombinator.com/companies/drchrono,https://www.drchrono.com
OMGPop,Summer 2006,An independent flash game studio.,"Startup Directory, Charles Forman, From The",,https://www.ycombinator.com/companies/omgpop,https://omgpop.com
North,Winter 2013,Wearable computing hardware: biosignal gesture recognition,"Startup Directory, Stephen Lake, Matthew Bailey",,https://www.ycombinator.com/companies/north,https://www.bynorth.com
Newfront,Winter 2018,Modern insurance brokerage.,"Startup Directory, San Francisco, Spike Lipkin, Gordon Wintrob",,https://www.ycombinator.com/companies/newfront-insurance,https://www.newfront.com/
Odeko,Summer 2019,Our operations software makes it easier to run--and grow--your cafe,"Startup Directory, New York, James Burkhardt",,https://www.ycombinator.com/companies/odeko,http://www.odeko.com
Nowports,Winter 2019,The core engine of supply chain in LATAM,"Startup Directory, Rios Villareal, Maximiliano Casal",,https://www.ycombinator.com/companies/nowports,https://nowports.com/
GitPrime,Winter 2016,Visibility and analytics for software development leaders.,"Startup Directory, Travis Kimmel, Ben Thompson",,https://www.ycombinator.com/companies/gitprime,https://www.gitprime.com
Proxy,Summer 2016,Smart ring digital wallet,"Startup Directory, Denis Mars, Simon Ratner",,https://www.ycombinator.com/companies/proxy,https://proxy.com
Podium,Winter 2016,Get more leads. Make more money. ,"Startup Directory, Eric Rea, Dennis Steele",,https://www.ycombinator.com/companies/podium,https://podium.com
FutureAdvisor,Summer 2010,The online financial management service for everyone.,"Startup Directory, Bo Lu",,https://www.ycombinator.com/companies/futureadvisor,http://futureadvisor.com
Rappi,Winter 2016,On-demand delivery and financial services for Latin America.,"Startup Directory, Simon Borrero, Sebastian Mejia",,https://www.ycombinator.com/companies/rappi,http://www.rappi.com
Razorpay,Winter 2015,India's only full-stack financial solutions company for businesses.,"Startup Directory, Brad Flora, Harshil Mathur, Shashank Kumar",,https://www.ycombinator.com/companies/razorpay,https://razorpay.com
Scale AI,Summer 2016,Data-centric infrastructure to accelerate the development of AI ,"Startup Directory, Jared Friedman, Alexandr Wang",,https://www.ycombinator.com/companies/scale-ai,http://scale.com
Rippling,Winter 2017,"One place to run all your HR, IT, and Finance. Globally.","Startup Directory, Kleiner Perkins, Garry Tan, Parker Conrad",,https://www.ycombinator.com/companies/rippling,http://rippling.com/
Scentbird,Summer 2015,Scentbird is a luxury fragrance subscription service.,"Startup Directory, New York, Mariya Nurislamova",,https://www.ycombinator.com/companies/scentbird,https://www.scentbird.com
Scribd,Summer 2006,World's largest online library.,"Startup Directory, Jared Friedman, Latest News",,https://www.ycombinator.com/companies/scribd,http://scribd.com
ShipBob,Summer 2014,Providing Amazon level logistics to e-commerce businesses. ,"Startup Directory, Divey Gulati, Dhruv Saxena",,https://www.ycombinator.com/companies/shipbob,http://shipbob.com
Webflow,Summer 2013,Professional website design and publishing platform. ,"Startup Directory, San Francisco, Sergie Magdalin, Vlad Magdalin",,https://www.ycombinator.com/companies/webflow,https://webflow.com
Stripe,Summer 2009,Economic infrastructure for the internet.,"Startup Directory, San Francisco, Patrick Collison, John Collison",,https://www.ycombinator.com/companies/stripe,http://stripe.com
SmartAsset,Summer 2012,Marketplace connecting consumers to financial advisors,"Startup Directory, New York, Michael Carvin",,https://www.ycombinator.com/companies/smartasset,http://smartasset.com
Wave,Winter 2012,Mobile money app for Africa,"Startup Directory, Drew Durbin, Lincoln Quirk",,https://www.ycombinator.com/companies/wave,https://wave.com
Whatnot,Winter 2020,Whatnot is the largest livestream shopping platform in the U.S.,"Startup Directory, Brad Flora, Logan Head",,https://www.ycombinator.com/companies/whatnot,https://www.whatnot.com
Focal Systems,Winter 2016,Building the Operating System for B&M Retail using Deep Learning,"Startup Directory, Michael Cantalino",,https://www.ycombinator.com/companies/focal-systems,http://www.focal.systems
Mio,Winter 2016,Mio powers seamless communication between workplace chat apps.,"Startup Directory, Tom Hadfield, James Cundle",,https://www.ycombinator.com/companies/mio,http://m.io
Zapier,Summer 2012,The easiest way to automate your work.,"Startup Directory, Wade Foster, Bryan Helmig",,https://www.ycombinator.com/companies/zapier,http://zapier.com
Zepto,Winter 2021,10-Minute Grocery Delivery in India,"Startup Directory, Jared Friedman, Aadit Palicha, Kaivalya Vohra",,https://www.ycombinator.com/companies/zepto,https://www.zeptonow.com/
Daily,Winter 2016,Conversational Voice and Multimodal AI built with Open Source ,"Startup Directory, Diana Hu, Hultman Kramer",,https://www.ycombinator.com/companies/daily,https://daily.co
Outschool,Winter 2016,A live online learning platform that empowers kids ages 3–18.,"Startup Directory, San Francisco, Nicholas Grandy, Amir Nathoo",,https://www.ycombinator.com/companies/outschool,http://outschool.com
Mason,Winter 2016,Mason is the fastest way to take smart devices from idea to end user,"Startup Directory, Jim Xiao",,https://www.ycombinator.com/companies/mason,http://www.bymason.com
Petcube,Winter 2016,Petcube is on the mission to improve lives of pets and pet owners…,"Startup Directory, Yaroslav Azhnyuk, Andriy Klen",,https://www.ycombinator.com/companies/petcube,http://petcube.com
MagicBus,Winter 2016,We make vanpool simple.,"Startup Directory, Ray Wu, Jason Kraft",,https://www.ycombinator.com/companies/magicbus,http://www.magicbus.io
Tovala,Winter 2016,A smart-oven-paired subscription meal service.,"Startup Directory, David Rabie, Bryan Wilcox",,https://www.ycombinator.com/companies/tovala,http://www.tovala.com
Chatfuel,Winter 2016,Platform to easily create chatbots to engage with audiences on…,"Startup Directory, San Francisco, Dmitrii Dumik, Artem Ptashnik",,https://www.ycombinator.com/companies/chatfuel,http://chatfuel.com
iSono Health,Winter 2016,AI-powered platform for Accessible and Personalized Breast Health…,"Startup Directory, San Francisco, Shadi Saberi",,https://www.ycombinator.com/companies/isono-health,http://www.isonohealth.com
GetAccept,Winter 2016,Close deals faster. Digitally.,"Startup Directory, Samir Smajic, Carl Carell",,https://www.ycombinator.com/companies/getaccept,https://www.getaccept.com
Yardbook,Winter 2016,Marketplace & Software Revolutionizing Yard Care,"Startup Directory, Mark Ke",,https://www.ycombinator.com/companies/yardbook,https://www.yardbook.com
GoCardless,Summer 2011,We’re building the world’s bank payment network.,"Startup Directory, Hiroki Takeuchi, Tom Blomfield",,https://www.ycombinator.com/companies/gocardless,http://gocardless.com
Stealth Worker,Winter 2016,"Information Security (Cyber Security), Compliance and Privacy (GDPR &…","Startup Directory, Ken Baylor",,https://www.ycombinator.com/companies/stealth-worker,https://www.stealthworker.com
SOUNDBOKS,Winter 2016,We're creating the loudest battery-driven speaker on the market,"Startup Directory, Theil Thomsen, Christoffer Nyvold",,https://www.ycombinator.com/companies/soundboks,http://soundboks.com
Deepgram,Winter 2016,Building foundational AI for speech transcription and understanding.,"Startup Directory, Scott Stephenson",,https://www.ycombinator.com/companies/deepgram,https://www.deepgram.com
Lattice,Winter 2016,Modern people management platform.,"Startup Directory, Jack Altman, Eric Koslow",,https://www.ycombinator.com/companies/lattice,https://lattice.com
Mux,Winter 2016,Video infrastructure for developers,"Startup Directory, Jon Dahl, Adam Brown",,https://www.ycombinator.com/companies/mux,http://mux.com
Human Interest,Summer 2015,The 401(k) for small and medium-sized businesses.,"Startup Directory, Roger Lee, Paul Sawaya",,https://www.ycombinator.com/companies/human-interest,http://humaninterest.com
Flirtey (SkyDrop),Summer 2015,Flirtey is the world’s first commercial drone delivery service and…,"Startup Directory, Matthew Sweeny",,https://www.ycombinator.com/companies/flirtey,https://www.flirtey.com/
Eight Sleep,Summer 2015,The sleep fitness company.,"Startup Directory, The Co, New York, Matteo Franceschetti",,https://www.ycombinator.com/companies/eight-sleep,http://eightsleep.com
Click & Grow,Summer 2015,Click & Grow makes indoor urban gardens and farms that take complete…,"Startup Directory, Palo Alto, Mattias Lepp",,https://www.ycombinator.com/companies/click-and-grow,https://www.clickandgrow.com/
Cofactor Genomics,Summer 2015,Cofactor closes the precision medicine gap with predictive diagnostics,"Startup Directory, Dave Messina, Jarret Glasscock",,https://www.ycombinator.com/companies/cofactor-genomics,http://cofactorgenomics.com
Instawork,Summer 2015,A flexible work app that connects businesses with hourly workers.,"Startup Directory, San Francisco, Sumir Meghani",,https://www.ycombinator.com/companies/instawork,http://instawork.com
Bitmovin,Summer 2015,Powers OTT online video providers with video developer tools.,"Startup Directory, Stefan Lederer, Christian Timmerer",,https://www.ycombinator.com/companies/bitmovin,http://bitmovin.com
Font Awesome,Summer 2015,Icons and social logos for your website.,"Startup Directory, Dave Gandy, Travis Chase",,https://www.ycombinator.com/companies/font-awesome,http://fontawesome.com
TetraScience,Summer 2015,The only R&D data cloud for life sciences,"Startup Directory, Siping Wang",,https://www.ycombinator.com/companies/tetrascience,https://www.tetrascience.com
The Ticket Fairy,Summer 2015,Revenue generation for live events,"Startup Directory, Ritesh Patel, Jigar Patel",,https://www.ycombinator.com/companies/the-ticket-fairy,https://www.ticketfairy.com/
"80,000 Hours",Summer 2015,An online guide that tells talented graduates how to maximise the…,"Startup Directory, United Kingdom, Benjamin Todd",,https://www.ycombinator.com/companies/80-000-hours,http://80000hours.org
Xendit,Summer 2015,Provides payment infrastructure for Southeast Asia,"Startup Directory, Gustaf Alstromer, Moses Lo, Bo Chen",,https://www.ycombinator.com/companies/xendit,https://www.xendit.co/
Shred Video,Summer 2015,Shred Video builds automated video & photo systems that allow…,"Startup Directory, San Francisco, Mike Allen, Mark Godfrey",,https://www.ycombinator.com/companies/shred-video,https://shredvideo.com
Shape (ShapeScale),Summer 2015,ShapeScale is a personal 3D scanner and fitness tracker that…,"Startup Directory, Alexandre Wayenberg, Martin Kessler",,https://www.ycombinator.com/companies/shape-shapescale,https://shapescale.com
RedCarpetUp,Summer 2015,Credit cards for Indians that banks cannot see,"Startup Directory, Kartik Venkataraman",,https://www.ycombinator.com/companies/redcarpetup,http://redcarpetup.com
PickTrace,Summer 2015,Workforce Management for Large Farms,"Startup Directory, Harrison Steed, Austin Steed",,https://www.ycombinator.com/companies/picktrace,http://picktrace.com/company
Plate IQ,Summer 2015,Automated Accounts Payable,"Startup Directory, Bhavuk Kaul, Ram Jayaraman",,https://www.ycombinator.com/companies/plate-iq,https://plateiq.com/
Fountain,Summer 2015,High volume hiring made simple,"Startup Directory, San Francisco, Keith Ryu",,https://www.ycombinator.com/companies/fountain,http://fountain.com
Microhealth,Summer 2015,Digital hematology,"Startup Directory, Miguel Lara, Marc Lara",,https://www.ycombinator.com/companies/microhealth,http://microhealth.com
Circle Medical,Summer 2015,Modern primary care via video and in-person,"Startup Directory, Patient Experience",,https://www.ycombinator.com/companies/circle-medical,https://circlemedical.com
GiveCampus,Summer 2015,The fundraising platform for schools.,"Startup Directory, Kestrel Linder, Michael Kong",,https://www.ycombinator.com/companies/givecampus,http://go.givecampus.com
Markhor,Summer 2015,Markhor is a DTC company that works with craftsmen to make shoes and…,"Startup Directory, Waqas Ali, Sidra Qasim",,https://www.ycombinator.com/companies/markhor,http://markhor.com
Zeplin,Summer 2015,Deliver on the Promise of Design,"Startup Directory, Pelin Kenez, Ismail Ceylan",,https://www.ycombinator.com/companies/zeplin,https://zeplin.io
Drip Capital,Summer 2015,Digital trade financing for small businesses,"Startup Directory, Garry Tan, Pushkar Mukewar",,https://www.ycombinator.com/companies/drip-capital,http://dripcapital.com
Chaldal,Summer 2015,,"Startup Directory, Waseem Alim, Zia Ashraf",,https://www.ycombinator.com/companies/chaldal,http://chaldal.com
Bodyport,Summer 2015,Predicting and preventing heart disease.,"Startup Directory, Corey Centen, Sarah Smith",,https://www.ycombinator.com/companies/bodyport,http://bodyport.com
Verge Genomics,Summer 2015,We use human data and AI to develop better drugs faster.,"Startup Directory, Alice Zhang",,https://www.ycombinator.com/companies/verge-genomics,http://vergegenomics.com
Clerky,Summer 2011,Makes legal paperwork easy for startups and their attorneys.,"Startup Directory, Darby Wong, Chris Field",,https://www.ycombinator.com/companies/clerky,https://www.clerky.com
Thrive Agritech,Summer 2015,We design and manufacture energy efficient LED lighting fixtures for…,"Startup Directory, New York, Brian Bennett",,https://www.ycombinator.com/companies/thrive-agritech,http://www.thriveagritech.com
Tesorio,Summer 2015,Tesorio is the cash flow performance platform that helps finance…,"Startup Directory, Carlos Vega, Fabio Fleitas",,https://www.ycombinator.com/companies/tesorio,https://www.tesorio.com
SunFarmer,Summer 2015,Reliable and affordable solar energy in developing countries.,"Startup Directory, Andy Moon, Jason Gray, Pioneer Fund",,https://www.ycombinator.com/companies/sunfarmer,http://sunfarmer.org
Reach,Summer 2015,"Long range, wireless energy distribution that scales","Startup Directory, Christopher Davlantes",,https://www.ycombinator.com/companies/reach,https://reachpower.com
AgileMD,Summer 2011,Predictive analytics and clinical pathways for hospitals ,"Startup Directory, Borna Safabakhsh",,https://www.ycombinator.com/companies/agilemd,https://agilemd.com
Branch8,Summer 2015,Branch8 helps sellers to list and manage products on e-commerce…,"Startup Directory, Hong Kong, Matt Li",,https://www.ycombinator.com/companies/branch8,https://www.branch8.com
Confident LIMS,Summer 2015,Laboratory Information Management System (LIMS) serving…,"Startup Directory, Steve Albarran",,https://www.ycombinator.com/companies/confident-lims,https://confidentlims.com
SnapMagic,Summer 2015,AI copilot for electronics design,"Startup Directory, San Francisco, Natasha Baker",,https://www.ycombinator.com/companies/snapmagic,https://www.snapmagic.com
Heroic Labs,Summer 2015,"Social Infrastructure for Games; Makers of Nakama game server, Satori…","Startup Directory, Chris Molozian, Mo Firouz",,https://www.ycombinator.com/companies/heroic-labs,http://heroiclabs.com
Scope AR,Summer 2015,Scope AR is the leading provider of User Guided Augmented Reality…,"Startup Directory, San Francisco, Scott Montgomerie, David Nedohin",,https://www.ycombinator.com/companies/scope-ar,http://scopear.com
PartnerStack,Summer 2015,PartnerStack is a full stack solution for partnerships.,"Startup Directory, Bryn Jones, Jonathan Mendes",,https://www.ycombinator.com/companies/partnerstack,https://partnerstack.com
Assembly,Summer 2015,Advanced manufacturing and distribution solutions (for China-based…,"Startup Directory, Jonathan Friedman",,https://www.ycombinator.com/companies/assembly,https://asm.co/
Gemnote,Summer 2015,"Gemnote is the easiest way to design, create and send custom products.","Startup Directory, Ashley Wong",,https://www.ycombinator.com/companies/gemnote,http://gemnote.com
New Story,Summer 2015,We pioneer solutions to end the global housing crisis by empowering…,"Startup Directory, Brett Hagler, Matthew Marshall",,https://www.ycombinator.com/companies/new-story,http://newstoryhomes.org
Ironclad,Summer 2015,Digital contracting platform for legal teams.  ,"Startup Directory, Jason Boehmig",,https://www.ycombinator.com/companies/ironclad,http://ironcladapp.com
Leaders In Tech,Summer 2015,Become the leader your company needs.,"Startup Directory, San Francisco, Joe Greenstein, Semira Rahemtulla",,https://www.ycombinator.com/companies/leaders-in-tech,http://leadersintech.org
Teleport,Summer 2015,The Infrastructure Identity Company,"Startup Directory, Ev Kontsevoy, Alexander Klizhentas",,https://www.ycombinator.com/companies/teleport,https://goteleport.com
Shasqi,Winter 2015,Targeting Cancer with Click Chemistry,"Startup Directory, Mejia Oneto",,https://www.ycombinator.com/companies/shasqi,
teaBOT,Summer 2015,A robot that makes tea!,"Startup Directory, Rehman Merali",,https://www.ycombinator.com/companies/teabot,http://teaBOT.com
Lugg,Summer 2015,"Move anything, anytime, anywhere","Startup Directory, Jordan Brown, Eric Kreutzer",,https://www.ycombinator.com/companies/lugg,http://lugg.com
Mashgin,Winter 2015,Self-Checkout using Computer Vision.,"Startup Directory, Brad Flora, Abhinai Srivastava, Mukul Dhankhar",,https://www.ycombinator.com/companies/mashgin,http://mashgin.com
NimbleRx,Winter 2015,On-demand prescription delivery.,"Startup Directory, Talha Sattar",,https://www.ycombinator.com/companies/nimblerx,http://nimblerx.com
Quartzy,Summer 2011,Marketplace for life science supplies.,"Startup Directory, Jayant Kulkarni, Adam Regelmann",,https://www.ycombinator.com/companies/quartzy,https://www.quartzy.com
Flip,Winter 2015,Community-driven marketplace for sneakers.,"Startup Directory, Kemar Newell",,https://www.ycombinator.com/companies/flip,http://justflip.com
Tara AI,Winter 2015,"Meet Tara AI, your new engineering efficiency co-pilot.","Startup Directory, Iba Masood, Syed Ahmed",,https://www.ycombinator.com/companies/tara-ai,http://www.tara.ai
Replika,Winter 2015,Replika is an AI friend that you can talk to designed to make you…,"Startup Directory, San Francisco, Eugenia Kuyda",,https://www.ycombinator.com/companies/replika,https://replika.ai/
X-Zell,Winter 2015,"Early, pain-free cancer detection. ","Startup Directory, Punyaratabandhu Bhakdi, Prapat Suriyaphol",,https://www.ycombinator.com/companies/x-zell,http://www.x-zell.com
Streak,Summer 2011,Streak transforms Gmail into a powerful CRM,"Startup Directory, Aleem Mawani",,https://www.ycombinator.com/companies/streak,http://streak.com
Meadow,Winter 2015,Point of Sale and Compliance SaaS for Cannabis Dispensaries,"Startup Directory, David Hua, Rick Harrison",,https://www.ycombinator.com/companies/meadow,https://getmeadow.com
Tab,Winter 2015,"Revolutionising the way travellers discover, plan and book a trip","Startup Directory, Mark Datta",,https://www.ycombinator.com/companies/tab,https://www.tab.travel
Zenflow,Winter 2015,"Medical device that provides a more effective, less invasive…","Startup Directory, Shreya Mehta",,https://www.ycombinator.com/companies/zenflow,http://zenflow.com
Level Frames,Winter 2015,Software eats custom framing,"Startup Directory, Josh Hubball, Damian Sowers",,https://www.ycombinator.com/companies/level-frames,http://levelframes.com
Industrial Microbes,Winter 2015,We design and build microbes to make chemicals greener at lower cost.,"Startup Directory, Derek Greenfield, Liz Clarke",,https://www.ycombinator.com/companies/industrial-microbes,http://imicrobes.com
Giveffect,Winter 2015,"Fundraising, Volunteer and Donor Management SaaS for nonprofits.","Startup Directory, New York, Allan Shin, Kevin Shin",,https://www.ycombinator.com/companies/giveffect,http://giveffect.com
Quantierra,Winter 2015,Sourcing investment real estate,"Startup Directory, New York, Sandip Trivedi",,https://www.ycombinator.com/companies/quantierra,http://quantierra.com
eBrandvalue,Winter 2015,Real-time Nielsen ratings for Brands.Accelerate marketing and product…,"Startup Directory, Mountain View, Ayse Akcura",,https://www.ycombinator.com/companies/ebrandvalue,https://www.ebrandvalue.com/
Cleanly,Winter 2015,Laundry & Dry Cleaning delivered.,"Startup Directory, Tom Harari, Chen Atlas",,https://www.ycombinator.com/companies/cleanly,https://cleanly.com
Resolve,Winter 2015,"Real-time BIM collaboration for fast, predictable construction","Startup Directory, Alonso Say, Russell Varriale",,https://www.ycombinator.com/companies/resolve,https://www.resolvebim.com
Makrwatch,Winter 2015,Scale new user acquisition with YouTube Creators,"Startup Directory, Felipe Diaz, Carlos Saavedra",,https://www.ycombinator.com/companies/makrwatch,https://www.makrwatch.com
Tempo,Winter 2015,Live home fitness training powered by computer vision.,"Startup Directory, Moawia Eldeeb, Joshua Augustin",,https://www.ycombinator.com/companies/tempo,https://tempo.fit/
TeamNote,Winter 2015,Mobile Productivity(Slack for mobile workforces),"Startup Directory, Hong Kong, Roy Law, Ming Lo",,https://www.ycombinator.com/companies/teamnote,http://teamnoteapp.com
SIRUM,Winter 2015,SIRUM is a “match.com” for unused medicine. We connect institutional…,"Startup Directory, Palo Alto, Adam Kircher, George Wang",,https://www.ycombinator.com/companies/sirum,http://sirum.org
Sails Co.,Winter 2015,"Full-service web, mobile, & cloud studio providing professional…","Startup Directory, Scott Gress, Cody Stoltman",,https://www.ycombinator.com/companies/sails-co,https://sailsjs.com/about
Platzi,Winter 2015,Latin America's School of Technology,"Startup Directory, Freddy Vega, Der Henst",,https://www.ycombinator.com/companies/platzi,https://platzi.com
ReadMe,Winter 2015,"Beautiful, personalized, interactive developer hubs","Startup Directory, San Francisco, Gregory Koberger",,https://www.ycombinator.com/companies/readme,http://readme.com
BuildScience,Winter 2015,The operating system for commercial buildings.,"Startup Directory, Ritesh Patel",,https://www.ycombinator.com/companies/buildscience,http://www.buildscience.com/
Labdoor,Winter 2015,Labdoor is building the trusted online drugstore.,"Startup Directory, Rafael Ferreira, Helton Souza",,https://www.ycombinator.com/companies/labdoor,https://labdoor.com
GiveMeTap,Winter 2015,We produce & sell stainless steel water bottles that enables people…,"Startup Directory, United Kingdom",,https://www.ycombinator.com/companies/givemetap,http://givemetap.com
The Human Utility,Winter 2015,The Human Utility seeks to eliminate water service disconnections for…,"Startup Directory, Ashley Bell",,https://www.ycombinator.com/companies/the-human-utility,https://www.detroitwaterproject.org/
Bankjoy,Winter 2015,An end-to-end digital banking solution for banks and credit unions,"Startup Directory, Mike Duncan",,https://www.ycombinator.com/companies/bankjoy,http://bankjoy.com
Democracy Earth,Winter 2015,Censorship resistant democracies. ,"Startup Directory, Pia Mancini, Santiago Siri",,https://www.ycombinator.com/companies/democracy-earth,http://democracy.earth/
Zeitview,Winter 2015,Inspection software for renewable energy & sustainable infrastructure,"Startup Directory, Dan Burton, Zeitview Founder",,https://www.ycombinator.com/companies/zeitview,https://www.zeitview.com/
OneSignal,Summer 2011,Engage customers through personalized omni-channel messaging,"Startup Directory, George Deglin, Long Vo, Previously Co, Technical Founder",,https://www.ycombinator.com/companies/onesignal,https://onesignal.com
Bright,Winter 2015,Sunrun for the developing world,"Startup Directory, Jonah Greenberger",,https://www.ycombinator.com/companies/bright,https://www.thinkbright.mx
Numerion Labs,Winter 2015,Artificial intelligence for drug discovery.,"Startup Directory, Abraham Heifets, Alex Levy",,https://www.ycombinator.com/companies/numerion-labs,https://www.numerionlabs.ai
Mezmo,Winter 2015,Observability platform to control all of your log data,"Startup Directory, Lee Liu",,https://www.ycombinator.com/companies/mezmo,https://www.mezmo.com/
Magic,Winter 2015,Extremely talented assistants for busy people,"Startup Directory, Mike Chen, Aaron Kemmer",,https://www.ycombinator.com/companies/magic,https://getmagic.com/
Akido Labs,Winter 2015,Rebuilding healthcare with AI at the core,"Startup Directory, Jared Goodner, Prashant Samant",,https://www.ycombinator.com/companies/akido-labs,http://akidolabs.com
Qventus,Winter 2015,We automate operations for hospitals and health systems,"Startup Directory, San Francisco, Mudit Garg, Ian Christopher",,https://www.ycombinator.com/companies/qventus,http://qventus.com
Helion Energy,Summer 2014,Building the world's first fusion power plant,"Startup Directory, Garry Tan, David Kirtley, Chris Pihl",,https://www.ycombinator.com/companies/helion-energy,http://helionenergy.com
Bayes Impact,Summer 2014,Tech nonprofit building the future of public services.,"Startup Directory, San Francisco, Paul Duan",,https://www.ycombinator.com/companies/bayes-impact,http://bayesimpact.org
Front,Summer 2014,Customer communications hub for building strong relationships,"Startup Directory, San Francisco, Mathilde Collin, Laurent Perrin",,https://www.ycombinator.com/companies/front,https://front.com
Roomstorm,Summer 2014,Real time B2B hotel room marketplace for various industries…,"Startup Directory, Maksim Izmaylov",,https://www.ycombinator.com/companies/roomstorm,http://roomstorm.com
HackerRank,Summer 2011,Change the world to value skills over pedigree,"Startup Directory, Mountain View, Vivek Ravisankar",,https://www.ycombinator.com/companies/hackerrank,http://hackerrank.com
Apollo,Summer 2011,Apollo helps engineering teams accelerate delivery,"Startup Directory, Geoff Schmidt, Nick Martin",,https://www.ycombinator.com/companies/apollo,http://apollographql.com/
Tenjin,Summer 2014,Mobile marketing analytics and infrastructure,"Startup Directory, Christopher Farm, Amir Manji",,https://www.ycombinator.com/companies/tenjin,https://www.tenjin.com
Hive,Summer 2014,"Marketing automation for event promoters (email, sms, ads, CRM)","Startup Directory, Patrick Hannigan, Ian Roberts",,https://www.ycombinator.com/companies/hive,http://www.hive.co
SFOX,Summer 2014,Crypto-currency trading platform.,"Startup Directory, George Melika, Akbar Thobhani",,https://www.ycombinator.com/companies/sfox,http://sfox.com
UserGems,Summer 2014,AI-powered sales solution based on your best customers,"Startup Directory, Christian Kletzl, Stephan Kletzl",,https://www.ycombinator.com/companies/usergems,https://www.usergems.com
SpotAngels,Summer 2014,Waze for parking,"Startup Directory, San Francisco, Thomas Cottin, Aboud Jardaneh",,https://www.ycombinator.com/companies/spotangels,http://www.spotangels.com
PicnicHealth,Summer 2014,Empowering Patients for Deep Real World Data,"Startup Directory, San Francisco, Noga Leviner, Troy Astorino",,https://www.ycombinator.com/companies/picnichealth,https://picnichealth.com
Permutive,Summer 2014,Rebuilding data in advertising to protect privacy,"Startup Directory, United Kingdom, Joe Root, Tim Spratt",,https://www.ycombinator.com/companies/permutive,https://permutive.com
Alchemy,Summer 2014,Nanotechnology-enabled coatings for automotive and defence sectors,"Startup Directory, Khanjan Desai, Chong Shen",,https://www.ycombinator.com/companies/alchemy,http://www.alchemynano.com
MTailor,Summer 2014,Get measured by your phone in under 30 seconds for perfect fitting…,"Startup Directory, San Francisco, Miles Penn",,https://www.ycombinator.com/companies/mtailor,http://mtailor.com
Protocol Labs,Summer 2014,"Protocol Labs makes internet protocols: IPFS, Filecoin, and more.","Startup Directory, Juan Benet",,https://www.ycombinator.com/companies/protocol-labs,https://protocol.ai/
MetricWire,Summer 2014,Mobile surveys for researchers,"Startup Directory, Brian Stewart, Charles Desouza",,https://www.ycombinator.com/companies/metricwire,http://metricwire.com
Greentoe,Summer 2014,"""Name Your Price"" for products","Startup Directory, New York, Andrew Kurland",,https://www.ycombinator.com/companies/greentoe,http://greentoe.com
Flaviar,Summer 2014,Try-at-home service for fine spirits,"Startup Directory, New York, Jugoslav Petkovic, Matija Rijavec",,https://www.ycombinator.com/companies/flaviar,https://flaviar.com
Clear,Summer 2014,"Fintech SaaS platform for invoices, taxes, wealth management & credit.","Startup Directory, Archit Gupta, Srivatsan Chari",,https://www.ycombinator.com/companies/cleartax,https://clear.in/
Hyperpad,Summer 2014,"Create, Share, Play Mobile Games on the iPad.","Startup Directory, Murtaza Saadat, Hamed Saadat",,https://www.ycombinator.com/companies/hyperpad,http://www.hyperpad.com
Billforward,Summer 2014,"Subscription billing, rate plan management and analytics as a…","Startup Directory, San Francisco, Aubone Tennant",,https://www.ycombinator.com/companies/billforward,https://www.billforward.io/
Immunity Project,Winter 2014,The free HIV vaccine.,"Startup Directory, Naveen Jain, Reid Rubsamen",,https://www.ycombinator.com/companies/immunity-project,http://immunityproject.org
Backpack,Summer 2014,Marketplace to get stuff from overseas,"Startup Directory, San Francisco, Fahim Aziz",,https://www.ycombinator.com/companies/backpack,http://backpackbang.com
OpenCurriculum,Winter 2014,Helping K-12 teachers and school administrators build awesome…,"Startup Directory, Mountain View, Varun Arora",,https://www.ycombinator.com/companies/opencurriculum,https://opencurriculum.org
MixerBox,Winter 2014,AI Super-Apps to Live Easier | The anything anytime superapps…,"Startup Directory, John Lai",,https://www.ycombinator.com/companies/mixerbox,http://mixerbox.com
Dyspatch,Winter 2014,Two products to help everyone email better. Dyspatch.io - Email…,"Startup Directory, Matt Harris",,https://www.ycombinator.com/companies/dyspatch,https://www.dyspatch.io
Y Combinator,Unspecified,,"Hello,OliverandZachhere, software engineers at Y Combinator. We are thrilled to announce YC Deals.Em, Hello,OliverandZachhere, software engineers at Y Combinator. We are thrilled to announce YC Deals.Em","https://www.linkedin.com/in/oliverortlieb/, https://www.linkedin.com/in/zach-kamran/",https://www.ycombinator.com/companies/y-combinator,https://www.ycombinator.com
GBatteries,Winter 2014,Enabling li-ion batteries to charge ultra fast without compromising…,"Startup Directory, Tim Sherstyuk, Nick Sherstyuk",,https://www.ycombinator.com/companies/gbatteries,https://www.gbatteries.com
Zinc,Winter 2014,The secret backbone of e-commerce. ,"Startup Directory, Doug Feigelson, John Wang, Chief Engineer",,https://www.ycombinator.com/companies/zinc,http://zinc.com
Zidisha,Winter 2014,Direct P2P lending across the international wealth divide.,"Startup Directory, Julia Kurnia",,https://www.ycombinator.com/companies/zidisha,https://www.zidisha.org
TrueVault,Winter 2014,We make Privacy Software for SMBs.,"Startup Directory, Jason Wang",,https://www.ycombinator.com/companies/truevault,https://www.truevault.com
Guesty,Winter 2014,The management platform for the short term rental industry.,"Startup Directory, Amiad Soto, Koby Soto",,https://www.ycombinator.com/companies/guesty,http://www.guesty.com
Snapdocs,Winter 2014,digital mortgage closing,"Startup Directory, Aaron King",,https://www.ycombinator.com/companies/snapdocs,http://snapdocs.com
Medmonk,Winter 2012,A tool for pharmacists to find funding for patients who are unable to…,"Startup Directory, Abbas Mehdi, Somaira Punjwani",,https://www.ycombinator.com/companies/medmonk,http://medmonk.com
Shoobs,Winter 2014,We help you find and book tickets to great entertainment events that…,"Startup Directory, United Kingdom",,https://www.ycombinator.com/companies/shoobs,http://shoobs.com
Povio,Winter 2014,Engineering and Design that Fuels Startup Success,Startup Directory,,https://www.ycombinator.com/companies/povio,http://povio.com
Pushbullet,Winter 2014,Push things to your other things.,"Startup Directory, San Francisco, Ryan Oldenburg, Christopher Hesse",,https://www.ycombinator.com/companies/pushbullet,https://www.pushbullet.com
One Degree,Winter 2014,One Degree is a nonprofit organization that makes it easy for…,"Startup Directory, Rey Faustino",,https://www.ycombinator.com/companies/one-degree,http://1degree.org
PiinPoint,Winter 2014,PiinPoint helps businesses find the best locations for growth,"Startup Directory, Jim Robeson, Adam Saunders",,https://www.ycombinator.com/companies/piinpoint,https://piinpoint.com
MBX,Winter 2014,A global multi-brand beauty and personal care startup.,"Startup Directory, San Francisco",,https://www.ycombinator.com/companies/mbx,http://us.memebox.com
Emailio,Winter 2014,Email built for wellness,"Startup Directory, Martin Stoyanov, Teo Teodosiev",,https://www.ycombinator.com/companies/emailio,http://emailio.com
DevCycle,Winter 2014,Feature Flag Management Built for Developers,"Startup Directory, Andrew Norris, Jonathan Norris",,https://www.ycombinator.com/companies/devcycle,http://devcycle.com
CodeCombat,Winter 2014,Game that teaches computer science to middle and high school kids.,"Startup Directory, Nick Winter",,https://www.ycombinator.com/companies/codecombat,https://codecombat.com
Noora Health,Winter 2014,Training patients and their families with health skills,"Startup Directory, Edith Elliott",,https://www.ycombinator.com/companies/noora-health,http://noorahealth.org
CodeNow,Winter 2014,Our mission is to diversify the talent pipeline of students who…,"Startup Directory, Ryan Seashore",,https://www.ycombinator.com/companies/codenow,http://codenow.org
Cambly,Winter 2014,On-demand access to English tutors over video chat.,"Startup Directory, Kevin Law, Sameer Shariff",,https://www.ycombinator.com/companies/cambly,http://www.cambly.com
Ambition,Winter 2014,Coaching and gamification software for sales teams. ,"Startup Directory, Travis Truett, Jared Houghton",,https://www.ycombinator.com/companies/ambition,https://ambition.com
AptDeco,Winter 2014,AptDeco is the easiest way to buy and sell used furniture,"Startup Directory, New York, Reham Fagiri",,https://www.ycombinator.com/companies/aptdeco,https://www.aptdeco.com/
CareMessage,Winter 2014,Patient engagement for low-income populations,"Startup Directory, Vineet Singal, Cecilia Corral, Latina Tech",,https://www.ycombinator.com/companies/caremessage,http://caremessage.org
AirHelp,Winter 2014,"AirHelp helps air passengers get compensation for delayed, cancelled…","Startup Directory, Henrik Zillmer",,https://www.ycombinator.com/companies/airhelp,http://www.airhelp.com
42,Winter 2014,Analytics stack for omnichannel retailers and brands,"Startup Directory, Nick Porter",,https://www.ycombinator.com/companies/42,https://42technologies.com
True Link,Summer 2013,Financial Services for Financial Caregivers. ,"Startup Directory, San Francisco, Kai Stinchcombe",,https://www.ycombinator.com/companies/true-link,https://www.truelinkfinancial.com/
Reebee,Summer 2013,Flyer app.,"Startup Directory, Tobiasz Dankiewicz, Michal Martyniak",,https://www.ycombinator.com/companies/reebee,http://reebee.com
Lob,Summer 2013,Lob is the only automation platform that transforms direct mail into…,"Startup Directory, Harry Zhang",,https://www.ycombinator.com/companies/lob,http://lob.com
Panorama Education,Summer 2013,Improving education for every student.,"Startup Directory, Aaron Feuer",,https://www.ycombinator.com/companies/panorama-education,https://www.panoramaed.com/
Cratejoy,Summer 2013,Cratejoy is the platform for subscriptions,"Startup Directory, Amir Elaguizy, Strategy Overmoon",,https://www.ycombinator.com/companies/cratejoy,http://cratejoy.com
"Estimote, Inc.",Summer 2013,Location intelligence platform,"Startup Directory, Jakub Krzych, Lukasz Kostka",,https://www.ycombinator.com/companies/estimote-inc,http://estimote.com
Asseta,Summer 2013,Marketplace for industrial spare parts and capital equipment.,"Startup Directory, Garrett Beck",,https://www.ycombinator.com/companies/asseta,http://www.asseta.com
EasyPost,Summer 2013,The shipping infrastructure of the internet.,"Startup Directory, Jarrett Streebin",,https://www.ycombinator.com/companies/easypost,http://easypost.com
7cups,Summer 2013,7 Cups is an emotional support service that matches up people that…,"Startup Directory, Glen Moriarty",,https://www.ycombinator.com/companies/7cups,http://7cups.com
Watsi,Winter 2013,Watsi is the first global crowdfunding platform for medical…,"Startup Directory, Chase Adam, Grace Garey",,https://www.ycombinator.com/companies/watsi,https://watsi.org
Per Vices,Winter 2012,Building Mission Critical Software Defined Radio products.,"Startup Directory, Victor Wollesen, Brandon Malatest",,https://www.ycombinator.com/companies/per-vices,https://www.pervices.com
Goldbelly,Winter 2013,Empowering restaurants and small food makers to ship nationwide.,"Startup Directory, New York, Joe Ariel, Joel Gillman",,https://www.ycombinator.com/companies/goldbelly,https://www.goldbelly.com/
Wevorce,Winter 2013,Changing divorce for good by making it a way less horrible experience…,"Startup Directory, Michelle Crosby",,https://www.ycombinator.com/companies/wevorce,http://wevorce.com
SimplyInsured,Winter 2013,We sell health insurance to small businesses 100% online.,"Startup Directory, San Francisco, Vivek Shah",,https://www.ycombinator.com/companies/simplyinsured,http://simplyinsured.com
CircuitHub,Winter 2012,On-Demand Electronics Manufacturing,"Startup Directory, Andrew Seddon",,https://www.ycombinator.com/companies/circuithub,https://circuithub.com
Wefunder,Winter 2013,We're Robinhood for pre-IPO startups. Everyone can invest $100.,"Startup Directory, Nick Tommarello, Greg Belote",,https://www.ycombinator.com/companies/wefunder,http://wefunder.com
Experiment,Winter 2013,crowdfunding platform for science,"Startup Directory, Denny Luan",,https://www.ycombinator.com/companies/experiment,http://experiment.com
Lollipuff,Winter 2013,Online Auctions for Authentic (Women's) Designer Goods,"Startup Directory, Mountain View, Fei Deyle",,https://www.ycombinator.com/companies/lollipuff,http://lollipuff.com
RADAR,Winter 2013,RADAR is building technology to completely transform the in-store…,"Startup Directory, New York, Spencer Hewett",,https://www.ycombinator.com/companies/radar,https://goradar.com
InfluxData,Winter 2013,The platform for building and operating time series applications.,"Startup Directory, Paul Dix",,https://www.ycombinator.com/companies/influxdata,https://influxdata.com
Strikingly,Winter 2013,"The easiest way to create a beautiful, mobile optimized website.","Startup Directory, Haisha Chen, Teng Bao",,https://www.ycombinator.com/companies/strikingly,https://www.strikingly.com
Cheetah,Winter 2013,"Fastest, easiest, and most affordable way for small business owners…","Startup Directory, San Francisco",,https://www.ycombinator.com/companies/cheetah,http://gocheetah.com
Padlet,Winter 2013,Papyrus → Parchment → Paper → Padlet,"Startup Directory, San Francisco, Nitesh Goel",,https://www.ycombinator.com/companies/padlet,https://padlet.com
Etleap,Winter 2013,Etleap is an ETL solution for creating perfect data pipelines. ,"Startup Directory, San Francisco, Christian Romming",,https://www.ycombinator.com/companies/etleap,https://etleap.com
Lawdingo,Winter 2013,Lawdingo provides virtual paralegal services to law firms.,"Startup Directory, Nikhil Nirmel",,https://www.ycombinator.com/companies/lawdingo,http://lawdingo.com
BuildZoom,Winter 2013,BuildZoom is a better way to remodel. We connect homeowners to the…,"Startup Directory, San Francisco, David Petersen",,https://www.ycombinator.com/companies/buildzoom,https://www.buildzoom.com
9gag,Summer 2012,Make the world happier.,"Startup Directory, Hong Kong, Ray Chan, Chris Chan",,https://www.ycombinator.com/companies/9gag,http://9gag.com
CircuitLab,Winter 2013,Online circuit simulator and electronic schematic editor.,"Startup Directory, Humberto Evans, Mike Robbins",,https://www.ycombinator.com/companies/circuitlab,https://www.circuitlab.com/
Svbtle,Summer 2012,A publishing platform.,"Startup Directory, Dustin Curtis",,https://www.ycombinator.com/companies/svbtle,https://svbtle.com
StyleUp,Winter 2013,"StyleUp brings effortless joy to getting dressed with daily,…","Startup Directory, Ryan Choi",,https://www.ycombinator.com/companies/styleup,http://thestyleup.com
Plivo,Summer 2012,"Voice AI Agents for customer engagement, including WhatsApp, SMS &…","Startup Directory, Michael Ricordeau",,https://www.ycombinator.com/companies/plivo,https://plivo.com
Vastrm,Summer 2012,Mass customized active apparel. We are building a full turn key…,"Startup Directory, Jonathan Tang",,https://www.ycombinator.com/companies/vastrm,http://vastrm.com
Double Robotics,Summer 2012,Telepresence robots,"Startup Directory, David Cann",,https://www.ycombinator.com/companies/double-robotics,https://doublerobotics.com
Flightfox,Summer 2012,"A platform to plan, book and manage global and group travel.","Startup Directory, Lauren Sullivan, Todd Sullivan",,https://www.ycombinator.com/companies/flightfox,http://flightfox.com
BackerKit,Summer 2012,The only end-to-end crowdfunding platform built for today’s creators,"Startup Directory, Maxwell Salzberg, Rosanna Yau",,https://www.ycombinator.com/companies/backerkit,https://backerkit.com
Submittable,Summer 2012,"The best way to launch, manage and measure social impact programs","Startup Directory, John Brownell, Bruce Tribbensee",,https://www.ycombinator.com/companies/submittable,https://www.submittable.com/
NewsBlur,Summer 2012,NewsBlur is a personalized news reader ,"Startup Directory, Samuel Clay",,https://www.ycombinator.com/companies/newsblur,https://www.newsblur.com
OctaveWealth,Summer 2012,The 401(k) that helps you grow,"Startup Directory, San Francisco, Rikin Shah",,https://www.ycombinator.com/companies/octavewealth,https://octavewealth.com
Upwave,Summer 2012,Marketing analytics for the world's biggest brand marketers,"Startup Directory, San Francisco, Chris Kelly",,https://www.ycombinator.com/companies/upwave,http://www.upwave.com
Eligible,Summer 2012,Insurance Billing APIs for Healthcare Businesses ,"Startup Directory, Katelyn Gleason",,https://www.ycombinator.com/companies/eligible,https://eligible.com
FundersClub,Summer 2012,Online VC,"Startup Directory, Alex Mittal, Boris Silver",,https://www.ycombinator.com/companies/fundersclub,https://fundersclub.com/
Mattermost,Summer 2012,Secure Collaboration for Technical Teams,"Startup Directory, Palo Alto, Ian Tien",,https://www.ycombinator.com/companies/mattermost,http://mattermost.com
Zentail,Summer 2012,We're making ecommerce simple connecting brands with sales channels,"Startup Directory, Dan Sugarman",,https://www.ycombinator.com/companies/zentail,https://zentail.com
Human Dx,Summer 2012,The Human Diagnosis Project.,"Startup Directory, San Francisco, Jay Komarneni, Irving Lin",,https://www.ycombinator.com/companies/human-dx,http://humandx.org
HealthSherpa,Summer 2012,Private sector Healthcare.gov. ,"Startup Directory, George Kalogeropoulos, Ning Liang",,https://www.ycombinator.com/companies/healthsherpa,https://healthsherpa.com
Rainforest,Summer 2012,no-code end-to-end testing that integrates with any CI/CD pipeline,"Startup Directory, Russell Smith",,https://www.ycombinator.com/companies/rainforest,https://www.rainforestqa.com
Mth Sense,Summer 2012,We're a mobile on-device profiling and ad-serving platform initially…,"Startup Directory, Mandar Agte, Mohan Balachandran",,https://www.ycombinator.com/companies/mth-sense,http://www.mthsense.com/
Screenleap,Winter 2012,One-click screen sharing with installation-free viewing on all devices,"Startup Directory, Lawrence Gentilello",,https://www.ycombinator.com/companies/screenleap-inc,https://screenleap.com
Buxfer,Winter 2007,Buxfer helps you make better spending decisions by making it easy to…,"Startup Directory, Amit Manjhi, Shashank Pandit",,https://www.ycombinator.com/companies/buxfer,https://www.buxfer.com
Blue Frog Gaming,Summer 2007,,"Startup Directory, Matt Maroon",,https://www.ycombinator.com/companies/blue-frog-gaming,http://bluefroggaming.com
Martini,Winter 2026,Collaborative AI-native filmmaking for professionals,"Startup Directory, Long Hoang, Koh Terai",,https://www.ycombinator.com/companies/martini,https://martini.film
Virtualmin,Winter 2007,,"Startup Directory, Mountain View, Jamie Cameron, Joe Cooper",,https://www.ycombinator.com/companies/virtualmin,http://virtualmin.com
CleverDeck,Winter 2012,Collaborate with an artist to commission original artwork you'll live…,"Startup Directory, Justin Cannon",,https://www.ycombinator.com/companies/cleverdeck,http://cleverdeck.com
Shofo,Winter 2026,Scraping and labeling social media posts to curate training datasets,"Startup Directory, Bryan Hong, Andre Braga",,https://www.ycombinator.com/companies/shofo,https://shofo.ai/
GrazeMate,Winter 2026,Robot Cowboys that Muster Cattle with AI Drones,"Startup Directory, Sam Rogers",,https://www.ycombinator.com/companies/grazemate,https://grazemate.com
Coevolved,Winter 2026,Incredibly Fast Multi-Agent Orchestration and Execution,"Startup Directory, Alex Li, Athan Zhang",,https://www.ycombinator.com/companies/coevolved,https://www.coevolved.ai
Veriad,Winter 2026,AI compliance officers,"Startup Directory, Rohan Mahendraker, Anton Muratov",,https://www.ycombinator.com/companies/veriad,https://veriad.ai
Ritivel,Winter 2026,We turn clinical trial data into FDA submission documents in minutes,"Startup Directory, Nirmit Arora, Gunin Gupta",,https://www.ycombinator.com/companies/ritivel,https://www.ritivel.com
Fed10,Winter 2026,AI agents that replace your policy consultants,"Startup Directory, Armand Iorgulescu, Zayan Islam",,https://www.ycombinator.com/companies/fed10,https://www.fed10.ai
SpotPay,Winter 2026,Cross-border Personal Finance on Stablecoins,"Startup Directory, Zsika Phillip",,https://www.ycombinator.com/companies/spotpay,https://www.spotpay.ai/
Scout Out,Winter 2026,Find someone to build your building,"Startup Directory, Nolan Rossi",,https://www.ycombinator.com/companies/scout-out,https://scoutout.ai/
Squid,Winter 2026,AI-powered grid planning in your browser 🦑,"Startup Directory, Conor Jones, George Kolokotronis",,https://www.ycombinator.com/companies/squid,https://squid.energy
Chasi,Winter 2026,"AI Concierge for Equipment sales, service & rentals","Startup Directory, Akash Pavan, Sarman Aulakh",,https://www.ycombinator.com/companies/chasi,https://chasi.co/
Corelayer,Winter 2026,AI on-call engineer that debugs using data,"Hey everyone! 👋We’reMitchandShipra- before Corelayer, we built data infrastructure at Goldman Sachs , Hey everyone! 👋We’reMitchandShipra- before Corelayer, we built data infrastructure at Goldman Sachs ","https://www.linkedin.com/in/mitchellradhuber/, https://www.linkedin.com/in/shipra-jha-9b021859/",https://www.ycombinator.com/companies/corelayer,https://www.corelayer.com
o11,Winter 2026,The AI Platform for Capital Market Firms,"Startup Directory, Aryah Oztanir, Ajay Misra, Sneaker Bot",,https://www.ycombinator.com/companies/o11,https://o11.ai
Sequence Markets,Winter 2026,Smarter and faster trade execution for digital assets,"Startup Directory, Muhammad Awan, Peter Bai",,https://www.ycombinator.com/companies/sequence-markets,https://sequencemkts.com/
Voxel Energy,Winter 2026,Energy independent data centers with solar and repurposed batteries. ,"Startup Directory, Max Pfeiffer, Evan Schmidt",,https://www.ycombinator.com/companies/voxel-energy,https://voxelenergy.com/
Arzule,Winter 2026,Debugging multi-agent coordination,"Startup Directory, Jeffrey Lin, Nikhil Reddy",,https://www.ycombinator.com/companies/arzule,https://www.arzule.com
Bubble Lab,Winter 2026,"Open-source, Typescript-native agentic workflow builder ","Startup Directory, Selina Li, Zach Zhong",,https://www.ycombinator.com/companies/bubble-lab,https://bubblelab.ai/
AxionOrbital Space,Winter 2026,Foundation models for 24/7 Earth Observation,"Visibility is everything. It drives defense strategies, market predictions, and disaster response. B, Visibility is everything. It drives defense strategies, market predictions, and disaster response. B","https://www.linkedin.com/in/dhenenjay-yadav/, https://www.linkedin.com/in/atharva-peshkar-43a104b7/",https://www.ycombinator.com/companies/axionorbital-space,https://axionorbital.space/
Pocket,Winter 2026,The world's best AI note-taking device and app,"Startup Directory, Gabriel Dymowski, Akshay Narisetti",,https://www.ycombinator.com/companies/pocket,https://heypocket.com/
Constellation Space,Winter 2026,AI for space mission assurance. ,"Startup Directory, Laith Altarabishi, Raaid Kabir",,https://www.ycombinator.com/companies/constellation-space,https://constellation-io.com/
Caretta,Winter 2026,24/7 Sales Intelligence ,"Startup Directory, Kayra Bahadir, Omar Elamin",,https://www.ycombinator.com/companies/caretta,https://www.caretta.so
Byteport,Winter 2026,Global upload acceleration for 1GB-100TB files.,"Startup Directory, Jayram Palamadai",,https://www.ycombinator.com/companies/byteport,https://byteport.io/
Clice AI,Winter 2026,"AI assistants for employees, operating in one Slack-like workspace","Startup Directory, Lance Yan, Zachary Yu",,https://www.ycombinator.com/companies/clice-ai,https://www.clice.ai
Ressl AI,Winter 2026,"AI Agents for ERP / CRM Configuration, starting with Salesforce","Startup Directory, Arushi Gandhi",,https://www.ycombinator.com/companies/ressl-ai,https://ressl.ai
SideKit,Winter 2026,One package to take your mobile app to production. ,"Startup Directory, Ethan Pronev, Ashish Selvaraj",,https://www.ycombinator.com/companies/sidekit,https://appsidekit.com
Human Archive,Winter 2026,Multimodal data provider for robotics learning,"Startup Directory, Rushil Agarwal, Samay Maini",,https://www.ycombinator.com/companies/human-archive,https://www.humanarchive.ai/
Chamber,Winter 2026,Autopiloting your AI infrastructure,"TLDR;Chamberis building AI infrastructure platform that automates governance and resource optimizati, TLDR;Chamberis building AI infrastructure platform that automates governance and resource optimizati, TLDR;Chamberis building AI infrastructure platform that automates governance and resource optimizati, TLDR;Chamberis building AI infrastructure platform that automates governance and resource optimizati","https://www.linkedin.com/in/dingcharles/, https://www.linkedin.com/in/shaocheng-wang-b766b7a6/, https://www.linkedin.com/in/jshenong/, https://www.linkedin.com/in/andreasbloomquist/",https://www.ycombinator.com/companies/chamber,https://www.usechamber.io
Visibl Semiconductors,Winter 2026,The AI IDE for chip design.,"Startup Directory, Jordon Kashanchi, Bryce Neil",,https://www.ycombinator.com/companies/visibl-semiconductors,https://visiblsemi.com
Patientdesk.ai,Winter 2026,AI voice agent for patient calls & admin workflows,"Startup Directory, Emre Kaplaner, San Koktas",,https://www.ycombinator.com/companies/patientdeskai,https://patientdesk.ai/
Seeing Systems,Winter 2026,AI Drone Systems for Defence,"Startup Directory, Le Maitre, Software Engineer",,https://www.ycombinator.com/companies/seeing-systems,https://www.seeing-systems.com
Cardboard,Winter 2026,Agentic video editor,"Startup Directory, Saksham Aggarwal, Ishan Sharma",,https://www.ycombinator.com/companies/cardboard,https://cardboard.sh
Jinba,Winter 2026,Automate any enterprise workflow through chat,"Startup Directory, Shoya Matsumori, Takuya Norisugi",,https://www.ycombinator.com/companies/jinba,https://jinba.io
Prana,Winter 2026,An AI primary care doctor in your pocket,"Startup Directory, Sanjit Menon, Meer Patel, Vishvam Rawal",,https://www.ycombinator.com/companies/prana-health,https://pranahealth.io
Opalite Health,Winter 2026,Solving language barriers in healthcare,"Startup Directory, Cathleen Kuo, Alex Mehregan",,https://www.ycombinator.com/companies/opalite-health,http://opalitehealth.com/
Laurence,Winter 2026,Automating performance advertising with quantitative models,"Startup Directory, Matthew Chen, Leo Gierhake",,https://www.ycombinator.com/companies/laurence,https://trylaurence.com
Q2Q,Winter 2026,We help funds source deals and run personalized outreach with AI,"Startup Directory, Brianna Lin, Claire Wu",,https://www.ycombinator.com/companies/q2q,https://tryq2q.com/
Pax Historia,Winter 2026,The first AI-powered grand strategy platform,"Startup Directory, Ryan Zhang",,https://www.ycombinator.com/companies/pax-historia,https://www.paxhistoria.co
Perfectly,Winter 2026,The AI-native Recruiting Operating System,"Startup Directory, Victor Luo",,https://www.ycombinator.com/companies/perfectly,http://perfectly.so/
Sparkles,Winter 2026,Make everyone on your team an engineer,"Startup Directory, Daniil Bekirov",,https://www.ycombinator.com/companies/sparkles,https://sparkles.dev
Ishiki Labs,Winter 2026,Building the Future of Multimodal AI,"Startup Directory, Robert Xu, Amit Yadav",,https://www.ycombinator.com/companies/ishiki-labs,https://www.ishikilabs.ai/
Arcline,Winter 2026,AI-native lawyers handling startup legal work in hours,"Startup Directory, Pamir Ehsas, Stefan Mandaric",,https://www.ycombinator.com/companies/arcline,https://www.arcline-ai.com/
EigenPal,Winter 2026,AI Document Workflows for Enterprises,"Startup Directory, Jedrzej Blaszyk, Matej Novak",,https://www.ycombinator.com/companies/eigenpal,https://www.eigenpal.com/
RamAIn,Winter 2026,Super fast computer-use agents to automate complex workflows.,"Startup Directory, Vir Jain, Vansh Ramani",,https://www.ycombinator.com/companies/ramain,https://ramain.ai
OctaPulse,Winter 2026,Computer vision to automate fish farming from hatchery to harvest,"Startup Directory, Paul Grech, Rohan Singh",,https://www.ycombinator.com/companies/octapulse,https://www.tryoctapulse.com/
Skillsync,Winter 2026,Find anyone in open source,"Startup Directory, Aaditya Ganeshkumar, Nishant Joshi",,https://www.ycombinator.com/companies/skillsync,https://skillsync.wiki
Luel,Winter 2026,Turning everyday words and actions into usable training data.,"Startup Directory, Inigo Lenderking, William Namgyal",,https://www.ycombinator.com/companies/luel,https://luel.ai
Verdex,Winter 2026,Asset Intelligence for Farmland,"Startup Directory, Jad Bousselham, Evan Rankin",,https://www.ycombinator.com/companies/verdex,https://www.verdexai.com/
Avoice,Winter 2026,The AI Workspace For Architects,"Startup Directory, Chawin Asavasaetakul, Chawit Asavasaetakul",,https://www.ycombinator.com/companies/avoice,https://avoice.co/
AutoSitu,Winter 2026,AI-native workspace for municipal development review,"Startup Directory, Xuanshu Lin, George Zhai",,https://www.ycombinator.com/companies/autositu,https://autositu.com/
Cumulus Labs,Winter 2026,The Optimized GPU Cloud,"Startup Directory, Suryaa Rajinikanth, Veer Shah",,https://www.ycombinator.com/companies/cumulus-labs,https://cumuluslabs.io
Bujo AI,Spring 2026,AI voice & chat agents for sales and customer support at large B2C…,"Startup Directory, Nalin Gupta",,https://www.ycombinator.com/companies/bujo,https://www.getbujo.com/
21st,Winter 2026,Ai programming tools,"Startup Directory, Sergey Bunas, Serafim Korablev",,https://www.ycombinator.com/companies/21st,https://21st.dev
BaseFrame,Winter 2026,AI agents for hardware design that catch risks and tradeoffs early,"Startup Directory, Vaibhav Agrawal, Anshul Paul",,https://www.ycombinator.com/companies/baseframe,https://baseframe.co
Protent,Winter 2026,AI intelligence for mission-critical operations,"Startup Directory, Abhisheik Sharma, Srihan Balaji",,https://www.ycombinator.com/companies/protent,https://protent.ai
Burt,Winter 2026,Easily fine tune and deploy specialized models,"Startup Directory, Kurt Sharma, Bobby Zhong",,https://www.ycombinator.com/companies/burt,https://www.trainburt.com/
LegalOS,Winter 2026,The AI-powered immigration law firm for complex work visas,"Startup Directory, Matthew Asir, Rachel Asir",,https://www.ycombinator.com/companies/legalos,https://www.legalos.ai
Sonarly,Winter 2026,Production-bug context for AI agents,"Startup Directory, Dimittri Choudhury, Alexandre Klobb",,https://www.ycombinator.com/companies/sonarly,https://sonarly.dev
10x Science,Winter 2026,The AI-native platform for next-generation protein characterization.,"Startup Directory, David Roberts, Andrew Reiter",,https://www.ycombinator.com/companies/10x-science,https://10xscience.com
Lexius,Winter 2026,AI Crime Detection,"Startup Directory, David Elskamp, Liam Webster",,https://www.ycombinator.com/companies/lexius,https://www.lexius.ai
RunAnywhere,Winter 2026,The default way of running On-Device AI at Scale,"Startup Directory, Shubham Malhotra, Sanchit Monga",,https://www.ycombinator.com/companies/runanywhere,https://www.runanywhere.ai/
Kita,Winter 2026,Turn documents into signals for lenders,"Startup Directory, Carmel Limcaoco, Rhea Malhotra",,https://www.ycombinator.com/companies/kita,https://www.usekita.com/
Panta,Winter 2026,Commercial insurance brokerage run by AI agents. Scales like software.,"Startup Directory, Vincent Chen, Frank Wang",,https://www.ycombinator.com/companies/panta,https://pantainsure.com
Didit,Winter 2026,"AI-native, developer-first identity verification platform","Startup Directory, Alberto Rosas, Alejandro Rosas",,https://www.ycombinator.com/companies/didit,https://didit.me/
Tensol,Winter 2026,AI-native Hospitality Operating System,"Startup Directory, Oliviero Pinotti, Pratik Satija",,https://www.ycombinator.com/companies/tensol,https://www.tensol.ai
Hlabs,Winter 2026,Developer friendly robotics,"Startup Directory, Paul Hetherington",,https://www.ycombinator.com/companies/hlabs,https://www.hlaboratories.com
Mantis Biotechnology,Winter 2026,The Infrastructure Powering Human-In-Computer Models,"Startup Directory, Georgia Witchel",,https://www.ycombinator.com/companies/mantis-biotechnology,https://mantisbiotech.com/
Haladir,Winter 2026,Rooting Formal Methods into Codegen RL & Data,"Startup Directory, Quan Huynh, Preston Schmittou, Jibran Hutchins",,https://www.ycombinator.com/companies/haladir,https://www.haladir.com/
Corvera,Winter 2026,Fully autonomous operations for CPG brands,"Startup Directory, Dirk Breeuwer, Matthew Collins",,https://www.ycombinator.com/companies/corvera,https://www.corvera.ai/
JSX Tool,Fall 2025,AI-First In-Browser IDE for React Development,"Startup Directory, Jamie Sunderland, Dan Hyman",,https://www.ycombinator.com/companies/jsx-tool,https://jsxtool.com
Valgo,Winter 2026,Algorithmic safety validation tools for autonomy.,"Startup Directory, Robert Moss, Sydney Katz",,https://www.ycombinator.com/companies/valgo,https://valgo.dev
Zephyr Fusion,Fall 2025,Powering tomorrow's industrial revolution in space,"Startup Directory, Edward Hinson, Galen Burke",,https://www.ycombinator.com/companies/zephyr-fusion,https://www.zephyrfusion.com
Mayflower,Fall 2025,AI plug-in that automates HR immigration screening and compliance,"Startup Directory, Naren Chittem, Aryan Gulati",,https://www.ycombinator.com/companies/mayflower,https://mayflowervisa.com
Rivet,Fall 2025,Visual editor to design in production code,"Startup Directory, Sam Gorman",,https://www.ycombinator.com/companies/rivet-design,https://rivet.design/
item,Fall 2025,The AI-Native CRM that works for you,"Startup Directory, Andres Santanilla, Akshay Guthal",,https://www.ycombinator.com/companies/item,https://item.app
Openroll,Fall 2025,AI-Native Workday,"Startup Directory, Mattias Lindell, Porsev Aslan",,https://www.ycombinator.com/companies/openroll,https://www.openroll.com
Fixpoint,Fall 2025,Uber for AI trainers and human-in-the-loop supervisors,"Hello, world! We’reJakubandDylan, the co-founders ofFixpoint.Fixpoint helps AI training data compani, Hello, world! We’reJakubandDylan, the co-founders ofFixpoint.Fixpoint helps AI training data compani","https://www.linkedin.com/in/jakub-c-14016a3b/, https://www.linkedin.com/in/dbmikus/",https://www.ycombinator.com/companies/fixpoint,https://fixpoint.co/
Moss,Fall 2025,Real-time semantic search for Conversational AI,"Hello YC! We’reSri Raghu MalireddiandHarsha NallurufromMoss.TL;DRMoss is a high-performance runtime , Hello YC! We’reSri Raghu MalireddiandHarsha NallurufromMoss.TL;DRMoss is a high-performance runtime ","https://www.linkedin.com/in/r4ghu, https://www.linkedin.com/in/imharshanalluru/",https://www.ycombinator.com/companies/moss,https://usemoss.dev
Bear,Fall 2025,Marketing Stack for AI Agents,"Hey everyone 👋We’reJanakandSiddhant, co-founders ofBear!TLDR ⚡️Bear helps companies get recommended , Hey everyone 👋We’reJanakandSiddhant, co-founders ofBear!TLDR ⚡️Bear helps companies get recommended ","https://www.linkedin.com/in/janaksunil/, https://www.linkedin.com/in/siddhantpaliwal/",https://www.ycombinator.com/companies/bear,https://usebear.ai
Zarna,Fall 2025,AI Associates for Private Capital ,"Startup Directory, Rishabh Dhariwal, Vivan Agrawal",,https://www.ycombinator.com/companies/zarna,https://www.zarnaai.com/
MarkIt,Fall 2025,AI Agents for Trade Compliance - Saving Companies from Tariffs,"When Chan worked on Tesla’s Global Trade team, every car part—from bolts to battery packs—came from , When Chan worked on Tesla’s Global Trade team, every car part—from bolts to battery packs—came from ","https://www.linkedin.com/in/chanhkim/, https://www.linkedin.com/in/rsaav/",https://www.ycombinator.com/companies/markit,https://markittrade.com
Dome,Fall 2025,"A unified API for prediction markets, like Kalshi and Polymarket","Hi everyone - we’reKurushandKunal- and we’re buildingDome👋TL;DRDome is a unified API for prediction , Hi everyone - we’reKurushandKunal- and we’re buildingDome👋TL;DRDome is a unified API for prediction ","https://www.linkedin.com/in/kurushdubash/, https://www.linkedin.com/in/kunal-roy-772a0672/",https://www.ycombinator.com/companies/dome,https://domeapi.io
Fastshot,Fall 2025,Lovable for mobile apps,"Startup Directory, Dmitry Fatkhi, Elvira Dzhuraeva",,https://www.ycombinator.com/companies/fastshot,https://www.fastshot.ai/
Voltair,Winter 2026,Self Charging Drones,"Startup Directory, Hayden Gosch, Avi Gotskind",,https://www.ycombinator.com/companies/voltair,https://voltairlabs.com/
Clicks,Fall 2025,Computer use agents to automate all back-office work,"Startup Directory, Dominik Helmreich, Oliver Knapp",,https://www.ycombinator.com/companies/clicks,https://goclicks.ai/
Shoptiques,Winter 2012,Shoptiques.com lets you shop the world's best local boutiques online.,"Startup Directory, Olga Vidisheva, Peter Delahunty",,https://www.ycombinator.com/companies/shoptiques,http://shoptiques.com
Claybird,Fall 2025,The full-stack AI ad company,"Startup Directory, Saad Jamal, Abdullah Nauman",,https://www.ycombinator.com/companies/claybird,https://claybird.com/
LunaBill,Fall 2025,AI Voice callers for healthcare billing teams,"Startup Directory, Suhail Parry, David Day, Yash Raj",,https://www.ycombinator.com/companies/lunabill,https://lunabill.com/
Axial Composites Industries,Fall 2025,Carbon Fiber Manufacturing at the Speed of Software,TLDR:Drones and robotics are driving demand for high-performance materials at an all-time high. We m,https://www.linkedin.com/in/rollo-tully-5a3306221/,https://www.ycombinator.com/companies/axial-composites-industries,https://www.axialcomposite.com
Velvet,Fall 2025,Data for world models,"TL;DRWe are on a mission to replace Adobe Premiere for cinematic AI video creation.AskWe’d love to o, TL;DRWe are on a mission to replace Adobe Premiere for cinematic AI video creation.AskWe’d love to o","https://www.linkedin.com/in/lucas-mantovani-a446a61a9/, https://www.linkedin.com/in/lucas-tucker-21b278175/",https://www.ycombinator.com/companies/velvet,https://velvet.video
DiligenceSquared,Fall 2025,AI-powered market due diligence for investment decisions,"Startup Directory, Frederik Hansen, Harshil Rastogi",,https://www.ycombinator.com/companies/diligencesquared-inc,https://diligencesquared.com/
Forge Robotics,Fall 2025,A robotics intelligence system for metal fabrication,"Hey everyone, we’reEoinandRobert, co-founders of Forge Robotics.We are completely changing the way t, Hey everyone, we’reEoinandRobert, co-founders of Forge Robotics.We are completely changing the way t","https://www.linkedin.com/in/eoincobbe, https://www.linkedin.com/in/robert-cormican-a4405990",https://www.ycombinator.com/companies/forge-robotics,https://forge-robotics.com
Bluma,Fall 2025,The new media distribution company,"Hey all - this isAlisaandStephenfrom Bluma!TL;DRBluma automates your entire consumer marketing strat, Hey all - this isAlisaandStephenfrom Bluma!TL;DRBluma automates your entire consumer marketing strat","https://www.linkedin.com/in/wu-alisa/, https://www.linkedin.com/in/stephen-ni/",https://www.ycombinator.com/companies/bluma,https://www.getbluma.com
Amera,Fall 2025,Automating claims processing workflows for health insurance payers.,"Hey everyone, we’reDeepandLouise, co-founders ofAmera.TL;DR:Amera automates claims processing workfl, Hey everyone, we’reDeepandLouise, co-founders ofAmera.TL;DR:Amera automates claims processing workfl","https://www.linkedin.com/in/deepkkapur/, https://www.linkedin.com/in/louise-tanski/",https://www.ycombinator.com/companies/amera,https://amerahealthsolutions.com/
Stratus Aviation,Fall 2025,AI-powered intelligence layer for airports,"Startup Directory, Hunter Nguyen",,https://www.ycombinator.com/companies/stratus-aviation,https://getstratus.ai/
Lightberry,Fall 2025,The social brain for robots.,"Startup Directory, Ali Attar, Stephan Koenigstorfer",,https://www.ycombinator.com/companies/lightberry,https://lightberry.com
Boom AI,Fall 2025,AI growth team for e-commerce brands,"Startup Directory, Sergio Garcia, Juan Casian, Jose Toscano",,https://www.ycombinator.com/companies/boom-ai,https://useboom.ai
The Hog,Fall 2025,AI Demand Gen for Companies,"Startup Directory, Hudson Liao, Paulo Nascimento",,https://www.ycombinator.com/companies/the-hog,https://thehog.ai/
Telemetron,Fall 2025,Support and Operations Platform for Hardware Companies,"Startup Directory, Shivani Patel, Hamza Shaikh",,https://www.ycombinator.com/companies/telemetron-ai,https://www.telemetron.ai/
Freeport Markets,Fall 2025,DeFi Brokerage for Real Assets,"Startup Directory, Lihong Wang, Bryan Reed",,https://www.ycombinator.com/companies/freeport-markets,https://www.freeportmarkets.com/
Miniswap,Fall 2025,The Marketplace for Complex Hobbies,"Hi!We’reZakandWill— co-founders ofMiniswap.TL;DR:Miniswap is a marketplace for the $20b tabletop gam, Hi!We’reZakandWill— co-founders ofMiniswap.TL;DR:Miniswap is a marketplace for the $20b tabletop gam","https://www.linkedin.com/in/zak-singh, https://www.linkedin.com/in/will-h-48a38bbb/",https://www.ycombinator.com/companies/miniswap,https://miniswap.gg/
Castari,Fall 2025,Vercel for AI Agents – Deploy sandboxed agents with MCP tools & skills,"Startup Directory, Jacob Wright, Cambree Bernkopf",,https://www.ycombinator.com/companies/castari,https://castari.com
Rovi Health,Fall 2025,AI healthcare concierge for employees,"Startup Directory, Santosh Vallabhaneni, Tarun Vallabhaneni",,https://www.ycombinator.com/companies/rovi-health,https://www.rovi.health
Exonic,Fall 2025,Crowdsourcing drug discovery.,"Hey YC!I’mBen, the founder of Exonic, and I’m building the first drug discovery pipeline open to eve, Hey YC!I’mBen, the founder of Exonic, and I’m building the first drug discovery pipeline open to eve","https://www.linkedin.com/in/benjamin-brimacombe/, https://www.linkedin.com/in/mikhail-kulak/",https://www.ycombinator.com/companies/exonic,https://exonic.ai
Jarmin,Fall 2025,24/7 Machine Learning Engineer employees,"Startup Directory, Chalmers Brown, Shir Halder, Zack Leman",,https://www.ycombinator.com/companies/jarmin,https://jarmin.ai/
Lemma,Fall 2025,Continuous learning for AI agents,"TL;DR:Lemma is the first evaluation + observability platform built not just to measure performance, , TL;DR:Lemma is the first evaluation + observability platform built not just to measure performance, ","https://www.linkedin.com/in/jerry-n-zhang/, https://www.linkedin.com/in/colegawin/",https://www.ycombinator.com/companies/uselemma,https://www.uselemma.ai/
Sava,Fall 2025,Building the future of trusts,"Startup Directory, Nimit Maru, Rush Sadiwala, Trust Company",,https://www.ycombinator.com/companies/savahq,https://www.savahq.com
Mantle,Fall 2025,Build internal agents to automate back office work with one prompt,"Startup Directory, Samrath Chadha, Gautam Paranjape",,https://www.ycombinator.com/companies/mantle,https://www.mantle.work
Karumi,Fall 2025,The Waymo of Personalized demos,"TL;DR: Skip the reading! Karumi delivers personalized product demos, and it’s faster if our agent ju, TL;DR: Skip the reading! Karumi delivers personalized product demos, and it’s faster if our agent ju","https://www.linkedin.com/in/tonilopezmr/, https://www.linkedin.com/in/pablo-omenaca-muro/",https://www.ycombinator.com/companies/karumi,https://www.karumi.ai/
Icarus,Fall 2025,Stratospheric birds for defense,"Startup Directory, Henry Kwan",,https://www.ycombinator.com/companies/icarus,https://www.icarus.one/
Waffer,Fall 2025,Lovable for Animated Graphics Videos,"Startup Directory, Ragav Sachdeva",,https://www.ycombinator.com/companies/waffer,https://waffer.ai
Denki,Fall 2025,The full-stack AI financial audit firm,"Startup Directory, Jin Li",,https://www.ycombinator.com/companies/denki,https://denki.ai
Metorial,Fall 2025,The infra layer for AI integrations.,"Startup Directory, Tobias Herber",,https://www.ycombinator.com/companies/metorial,https://metorial.com
Absurd,Fall 2025,AI Brand and Performance Ads at Scale,"Startup Directory, Philip Ho, Damian Chng",,https://www.ycombinator.com/companies/absurd,https://absurd.com/
Arcten,Fall 2025,We make any product AI-native in an afternoon,"Most teams discover that building an AI agent beyond a demo is an infrastructure problem, not a mode",https://www.linkedin.com/in/michael-nguyen-jr-02a576354/,https://www.ycombinator.com/companies/arcten,https://arcten.com
Kalpa Labs,Fall 2025,Scaling Generalist Speech models,"TL;DRWe’re building ageneralist speech model- one system that does speech-to-text, text-to-speech, s, TL;DRWe’re building ageneralist speech model- one system that does speech-to-text, text-to-speech, s","https://www.linkedin.com/in/pshishodia/, https://www.linkedin.com/in/gautam-jha37/",https://www.ycombinator.com/companies/kalpa-labs,https://kalpalabs.ai/
Specific,Fall 2025,Build and deploy production-ready backends without code,"Hi! 👋We’reFabianandIman, and we’re buildingSpecific— an agent that builds and deploys backends from , Hi! 👋We’reFabianandIman, and we’re buildingSpecific— an agent that builds and deploys backends from ","https://www.linkedin.com/in/fabian-lindfors/, https://www.linkedin.com/in/iman-radjavi/",https://www.ycombinator.com/companies/specific,https://specific.dev
Automax.ai,Fall 2025,AI native real-estate appraisal firm,"Startup Directory, Humza Ahmed",,https://www.ycombinator.com/companies/automax-ai,https://automax.ai
Clad Labs,Fall 2025,the brainrot ide,"Startup Directory, Richard Wang, Kevin Le",,https://www.ycombinator.com/companies/clad-labs,https://cladlabs.ai
Lua Global Inc,Fall 2025,The mid-market agent platform,"Startup Directory, Stefan Kruger",,https://www.ycombinator.com/companies/lua-global-inc,https://heylua.ai/
Crunched,Fall 2025,Excel AI analyst for Power Users,"Hi YC 👋We’rePhilip,Michael,LarsandMarkus- and we’re buildingCrunchedTL;DRCrunched is the first AI Ex, Hi YC 👋We’rePhilip,Michael,LarsandMarkus- and we’re buildingCrunchedTL;DRCrunched is the first AI Ex, Hi YC 👋We’rePhilip,Michael,LarsandMarkus- and we’re buildingCrunchedTL;DRCrunched is the first AI Ex, Hi YC 👋We’rePhilip,Michael,LarsandMarkus- and we’re buildingCrunchedTL;DRCrunched is the first AI Ex","https://www.linkedin.com/in/philip-z-borge-97690b149/, https://www.linkedin.com/in/michael-sakowski-9b9043148/, https://www.linkedin.com/in/lars-g-mus%C3%A6us-756701174/, https://www.linkedin.com/in/markus-skagemo/",https://www.ycombinator.com/companies/crunched,https://usecrunched.com/
Primer,Fall 2025,AI Product Demos,"TL;DR: Primer agents give every visitor a personalized walkthrough of your product instantly, leadin, TL;DR: Primer agents give every visitor a personalized walkthrough of your product instantly, leadin","https://www.linkedin.com/in/green-c/, https://www.linkedin.com/in/v1nh/",https://www.ycombinator.com/companies/primer,https://www.startprimer.com
Narrative,Fall 2025,AI-Powered Sports Highlights,"Startup Directory, Erik Vank, Victor Chapman",,https://www.ycombinator.com/companies/usenarrative,http://www.narrative-sports.com
Spatial AI,Fall 2025,Data for robot foundational models,"Startup Directory, Alex Petkos",,https://www.ycombinator.com/companies/spatial-ai,https://spatial-ai.com/
HireGlide,Fall 2025,The AI-native job board,"Hey YC!👋We’reTheoandAxel, co-founders ofHireGlide.TL;DRHireGlide screens inbound applications to imm, Hey YC!👋We’reTheoandAxel, co-founders ofHireGlide.TL;DRHireGlide screens inbound applications to imm","https://www.linkedin.com/in/theokitsberg/, https://www.linkedin.com/in/axel-la-pira-80380a2a2/",https://www.ycombinator.com/companies/hireglide,https://www.hireglide.ai/
Aside,Fall 2025,Live answer copilot for enterprise tech sales,"TL;DRAsidelistens to your sales calls and surfaces answers from your docs, Slack, and past calls, he, TL;DRAsidelistens to your sales calls and surfaces answers from your docs, Slack, and past calls, he","https://www.linkedin.com/in/therne/, https://linkedin.com/in/hiddenest",https://www.ycombinator.com/companies/aside,https://asidehq.com/
Zalos,Fall 2025,"Computer Agents for Finance tasks like reconciliation, in your system!","Startup Directory, William Fairbairn, Hung Hoang",,https://www.ycombinator.com/companies/zalos,https://www.zalos.ai/
Sourcebot,Fall 2025,Helping humans and AI agents understand massive codebases,"Startup Directory, Michael Sukkarieh, Brendan Kellam",,https://www.ycombinator.com/companies/sourcebot,https://www.sourcebot.dev/
Scott AI,Fall 2025,Agentic Workspace for Engineering Team Alignment,"Hi everyone 👋We areDavidandDevin– co founders ofScott AI.TL;DRScott runs several coding agents side , Hi everyone 👋We areDavidandDevin– co founders ofScott AI.TL;DRScott runs several coding agents side ","https://www.linkedin.com/in/davidemaulick/, https://www.linkedin.com/in/devin-cintron/",https://www.ycombinator.com/companies/scott-ai,https://tryscott.ai
Expected Parrot,Fall 2025,Simulate your customers with AI agents,"Hi everyone, we’reRobinandJohn, co-founders ofExpected Parrot.TLDR:User research is expensive, slow,, Hi everyone, we’reRobinandJohn, co-founders ofExpected Parrot.TLDR:User research is expensive, slow,","https://www.linkedin.com/in/robertahorton/, https://www.linkedin.com/in/john-horton-48a75819/",https://www.ycombinator.com/companies/expected-parrot,https://www.expectedparrot.com
Everest,Fall 2025,AI employees for outsourced IT ,"Startup Directory, Yolanda Cao",,https://www.ycombinator.com/companies/everest,https://everestmanagedai.com/
Imagine AI,Fall 2025,Your AI Clone for B2B Content,"Hey YC.We're Sky and Neo from Imagine AI, and we build B2B content pipelines for companies doing sal, Hey YC.We're Sky and Neo from Imagine AI, and we build B2B content pipelines for companies doing sal","https://www.linkedin.com/in/skyyang/**, https://linkedin.com/in/neo-lky**",https://www.ycombinator.com/companies/imagine-ai,https://imagineai.me
Anto Biosciences,Fall 2025,A Foundation Model for Microbial Communities.,"We’reArvidandDavid, and we’re buildingAnto Biosciences.tl;drAnto is building a multimodal foundation, We’reArvidandDavid, and we’re buildingAnto Biosciences.tl;drAnto is building a multimodal foundation","https://www.linkedin.com/in/arvid-gollwitzer/, https://www.linkedin.com/in/daviddegruijl/",https://www.ycombinator.com/companies/anto-biosciences,https://www.anto.bio/
Tornyol,Fall 2025,We build micro-drones that kill mosquitoes. ,"TLDR We’re eradicating mosquitoes (700k people killed each year) with micro-drones.Hey YC!Clovis Pie, TLDR We’re eradicating mosquitoes (700k people killed each year) with micro-drones.Hey YC!Clovis Pie","https://www.linkedin.com/in/clovispiedallu/, https://www.linkedin.com/in/alex-toussaint-51a439189/",https://www.ycombinator.com/companies/tornyol,https://tornyol.com/
Patent Watch,Fall 2025,AI for detecting patent infringements,"Patent Watch Launch VideoProblemMy co-founder,Andreas Stroe(also my brother), was doing research at ",https://www.linkedin.com/in/andreasstroe,https://www.ycombinator.com/companies/patent-watch,https://www.patentwatch.ai/
s2.dev,Fall 2025,"API for unlimited, durable, real-time streams","Hi everyone! We areShikhar,Stephen, andDwarak, the co-founders ofs2.dev. S2 is the S3 for streams.ht, Hi everyone! We areShikhar,Stephen, andDwarak, the co-founders ofs2.dev. S2 is the S3 for streams.ht, Hi everyone! We areShikhar,Stephen, andDwarak, the co-founders ofs2.dev. S2 is the S3 for streams.ht","https://www.linkedin.com/in/shikhrr/, https://www.linkedin.com/in/stephen-balogh-078a4995/, https://www.linkedin.com/in/dwarakgovindparthiban/",https://www.ycombinator.com/companies/s2-dev,https://s2.dev
Nucleo,Fall 2025,The first Agentic platform for Oncology,"Nucleo👉Learn more about Nucleo👉Contact usProblemCancer is not only a biological disease; it is alogi, Nucleo👉Learn more about Nucleo👉Contact usProblemCancer is not only a biological disease; it is alogi","https://www.linkedin.com/in/angelica-iacovelli-490a8a1a7/, https://www.linkedin.com/in/luca-pegolotti/",https://www.ycombinator.com/companies/nucleo,https://nucleoresearch.com/
Leadbay,Fall 2025,Discover and qualify SMB leads that couldn't be found before.,"Hey everyone 🤘🏻We’reLudoandMilan- co-founders of Leadbay.TL;DR:You might think that Linkedin, Clay, , Hey everyone 🤘🏻We’reLudoandMilan- co-founders of Leadbay.TL;DR:You might think that Linkedin, Clay, ","https://www.linkedin.com/in/ludovic-granger/, https://www.linkedin.com/in/milanstankovic/",https://www.ycombinator.com/companies/leadbay,https://leadbay.ai/
Pixley AI,Fall 2025,The first platform where parents & kids can co-create AI cartoon shows,"Hey everyone! 👋We’rePranitandKrish– the co-founders ofPixley AI.Pixley turns kids’ drawings and idea, Hey everyone! 👋We’rePranitandKrish– the co-founders ofPixley AI.Pixley turns kids’ drawings and idea","https://www.linkedin.com/in/pranit-agrawal/, https://www.linkedin.com/in/krish-iyengar/",https://www.ycombinator.com/companies/pixley-ai,https://pixleyai.com
Inspector,Fall 2025,AI IDE for front-end development,"Startup Directory, Romero Lauro, Michael Klikushin",,https://www.ycombinator.com/companies/inspector,https://www.tryinspector.com
Thesis,Fall 2025,The AI discovery engine.,"Startup Directory, Sergio Charles, Luigi Charles",,https://www.ycombinator.com/companies/thesis,https://thesislabs.ai
Cortex AI,Fall 2025,Large-scale real-world robot & human data for embodied AI,"Startup Directory, Lucas Ngoo",,https://www.ycombinator.com/companies/cortex-ai,https://cortexrobot.ai/
Oxus,Winter 2026,AI-powered automation for internal audit workflows,"Hi all,We’reJanet,Christine, andMelinda- a team from MIT buildingOxus.TL;DR:WithOxus, internal audit, Hi all,We’reJanet,Christine, andMelinda- a team from MIT buildingOxus.TL;DR:WithOxus, internal audit, Hi all,We’reJanet,Christine, andMelinda- a team from MIT buildingOxus.TL;DR:WithOxus, internal audit","https://www.linkedin.com/in/liujanet8/, https://www.linkedin.com/in/christinewatts2018/, https://www.linkedin.com/in/melinda-314-liu/",https://www.ycombinator.com/companies/oxus,https://oxus-ai.com/
Casey,Fall 2025,Casey automates workflows for the insurance industry,"Casey automates the core submission infrastructure of commercial insuranceTL;DR:Commercial insurance, Casey automates the core submission infrastructure of commercial insuranceTL;DR:Commercial insurance, Casey automates the core submission infrastructure of commercial insuranceTL;DR:Commercial insurance","https://www.linkedin.com/in/maximilian-thoelen/, https://www.linkedin.com/in/nicohaenggi/, https://www.linkedin.com/in/pascalkueng/",https://www.ycombinator.com/companies/casey,https://www.meetcasey.ai/
Compyle,Fall 2025,The coding agent that actually collaborates with you,"Startup Directory, Jonathan Miranda, Mark Nazzaro",,https://www.ycombinator.com/companies/compyle,https://compyle.ai
Selfin,Fall 2025,Building the first AI Bank,"Hey everyone! 👋We arePaulaandJoel, co-founders ofSelfin.TL;DRWe arebuilding the first AI Bank. We ar, Hey everyone! 👋We arePaulaandJoel, co-founders ofSelfin.TL;DRWe arebuilding the first AI Bank. We ar","https://www.linkedin.com/in/paula-gutierrez-/, https://www.linkedin.com/in/joel-tomas-pimentel/",https://www.ycombinator.com/companies/selfin,https://selfin.app
Play Health,Fall 2025,Perimenopause Care Platform,"Startup Directory, Andrea Mazzocchi, Ian Miller",,https://www.ycombinator.com/companies/play-health,http://playhealth.com
Lexi,Fall 2025,AI Associates for Corporate Law,"Hi everyone! We’reHarshitandKiran, and we’re building Lexi - AI Associates for law firms & legal tea, Hi everyone! We’reHarshitandKiran, and we’re building Lexi - AI Associates for law firms & legal tea","https://www.linkedin.com/in/harshitgarg03/, https://www.linkedin.com/in/kiranmohanb/",https://www.ycombinator.com/companies/lexi,https://getlexi.io/
Codyco,Fall 2025,The AI Reservation Team for Hotel Groups,"Startup Directory, Stefan Schaff, Endrit Bytyqi",,https://www.ycombinator.com/companies/codyco,https://www.codyco.ai/en
Bravi,Fall 2025,The AI operating system powering home services businesses,"👋 We’rePierre-Habté&AnasfromBravi (F25)and we are bulding AI voice and chat assistants for home serv, 👋 We’rePierre-Habté&AnasfromBravi (F25)and we are bulding AI voice and chat assistants for home serv","https://www.linkedin.com/in/pierre-habte-nouvellon/, https://www.linkedin.com/in/anas-bouassami/",https://www.ycombinator.com/companies/bravi,https://www.bravi.app/
Rovr,Fall 2025,AI FDE Engine that runs your engineering workflows,"Startup Directory, Arnav Jain, Yash Jain",,https://www.ycombinator.com/companies/rovr,https://www.withrovr.com/
ComplyDo,Fall 2025,Global Compliance for Enterprises,"Hi, we’reLeo,Moritz&Matthias, launchingComplyDo.TL;DRComplyDo automates how enterprises comply with , Hi, we’reLeo,Moritz&Matthias, launchingComplyDo.TL;DRComplyDo automates how enterprises comply with , Hi, we’reLeo,Moritz&Matthias, launchingComplyDo.TL;DRComplyDo automates how enterprises comply with ","https://www.linkedin.com/in/leo-schuhmann-324927182/, https://www.linkedin.com/in/moritz-moser-99b3a320a/, https://www.linkedin.com/in/matthias-schneider-134391223/",https://www.ycombinator.com/companies/complydo,https://www.complydo.io/
Sunflower,Fall 2025,Building the Sobriety Platform for the future of Superintelligence. 🌻,"Startup Directory, Koby Conrad",,https://www.ycombinator.com/companies/sunflower,https://sunflowersober.com/
Captain,Fall 2025,The High Accuracy RAG API,"Startup Directory, Lewis Polansky, Edgar Babajanyan",,https://www.ycombinator.com/companies/captain,https://runcaptain.com
Redapto,Fall 2025,Self-improving systems for Customer Support Teams,"Startup Directory, Anirudh Pupneja",,https://www.ycombinator.com/companies/redapto,https://www.redapto.com/
Aleph Lab,Fall 2025,AI language buddy in the games kids love,"Hey everyone! We’reJoseph,Jaihee, andDan, co-founders ofAleph Lab.We’re building your child’s AI lan, Hey everyone! We’reJoseph,Jaihee, andDan, co-founders ofAleph Lab.We’re building your child’s AI lan, Hey everyone! We’reJoseph,Jaihee, andDan, co-founders ofAleph Lab.We’re building your child’s AI lan","https://www.linkedin.com/in/hannim/, https://www.linkedin.com/in/kim-jaihee/, https://www.linkedin.com/in/gy-han/",https://www.ycombinator.com/companies/aleph-lab,http://alephlab.ai/
Articulate,Fall 2025,Automatic Construction Drawing Clash Detection ,"Startup Directory, Milind Sagaram",,https://www.ycombinator.com/companies/articulate,https://usearticulate.com
Logical,Fall 2025,"A proactive desktop copilot. Clippy, but actually good.","Hi everyone,We’reSamandAnushka, co-founders ofLogical.TL;DR:Logical is a copilot that lives on your , Hi everyone,We’reSamandAnushka, co-founders ofLogical.TL;DR:Logical is a copilot that lives on your ","http://linkedin.com/in/samurdhilbk, http://linkedin.com/in/anushkaidamekorala/",https://www.ycombinator.com/companies/logical,https://trylogical.ai
Agentic Fabriq,Fall 2025,Okta for Agents.,"Hey everyone! This isPaulina&Matthewfrom Agentic Fabriq.TL;DR:Agentic Fabriq is Okta for agents. Fab, Hey everyone! This isPaulina&Matthewfrom Agentic Fabriq.TL;DR:Agentic Fabriq is Okta for agents. Fab","https://www.linkedin.com/in/paulina-xu-5bba0821b/, https://www.linkedin.com/in/matthew-xu-b32a36271/",https://www.ycombinator.com/companies/agentic-fabriq,https://www.agenticfabriq.com
Kestrel AI,Fall 2025,AI-Native Cloud Incident Response Platform,"Hey everyone, we’reRamanandEvanfrom Kestrel 👋TL;DR:Kestrel helps teams using Kubernetes detect, inve, Hey everyone, we’reRamanandEvanfrom Kestrel 👋TL;DR:Kestrel helps teams using Kubernetes detect, inve","https://www.linkedin.com/in/ramanvarma/, https://www.linkedin.com/in/evanchopra/",https://www.ycombinator.com/companies/kestrel-ai,https://usekestrel.ai/
Tensr,Fall 2025,Fully autonomous robotic factories,We're building fully autonomous robotics factories at Tensr to create the AWS of manufacturing. Our ,https://www.linkedin.com/in/adithsundram/,https://www.ycombinator.com/companies/tensr,https://tensr.com/
Travo,Winter 2026,We use AI to collect and analyze real estate data,"Startup Directory, Michael Dalva, Clarence Chen, Alexander Calafiura, Ashwin Sriram",,https://www.ycombinator.com/companies/travo,https://www.travoai.com/
Sanctum,Fall 2025,Catch software issues with user simulations,"Hey everyone,We’reVrushankandKenny, co-founders ofSanctum.TL;DRSanctum gives you a preview of how re, Hey everyone,We’reVrushankandKenny, co-founders ofSanctum.TL;DRSanctum gives you a preview of how re","https://www.linkedin.com/in/vrushank-gunjur/, https://www.linkedin.com/in/kdao/",https://www.ycombinator.com/companies/sanctum,https://withsanctum.com/
LogosGuard,Fall 2025,The risk management software for enterprises adopting AI,"Hey everyone! We’reSukrut OakandAbel JohnfromLogosGuard.TL;DREnterprises are racing to adopt AI, but, Hey everyone! We’reSukrut OakandAbel JohnfromLogosGuard.TL;DREnterprises are racing to adopt AI, but","https://www.linkedin.com/in/sukrut-oak/, https://linkedin.com/in/abel-john-85a7551b6",https://www.ycombinator.com/companies/logosguard,https://logosguard.com/
Multifactor,Fall 2025,"Zero-trust authentication, authorization, and auditing for AI agents","Startup Directory, Vivek Nair, Colin Roberts",,https://www.ycombinator.com/companies/multifactor,https://multifactor.com
Sciloop,Fall 2025,AI Co-Scientist that automates ML experimentation and analysis.,"Startup Directory, Bilal Asmatullah, Osman Siddique",,https://www.ycombinator.com/companies/sciloop,https://sciloop.dev
Allus AI,Fall 2025,Transforming manufacturing with our next-gen Vision Foundation Model,"Startup Directory, Zhisen An, Kai Cui",,https://www.ycombinator.com/companies/allus-ai,https://allus.ai
AnswerThis,Fall 2025,End-to-end workspace to accelerate scientific discovery,"Hello YC! We’reAyush GargandRyan MccarrollfromAnswerThis.TL;DRAnswerThis analyzes all the relevant r, Hello YC! We’reAyush GargandRyan MccarrollfromAnswerThis.TL;DRAnswerThis analyzes all the relevant r","https://linkedin.com/in/ayush4921, https://www.linkedin.com/in/ryan-mccarroll-/",https://www.ycombinator.com/companies/answerthis,https://answerthis.io/
Unsiloed AI,Fall 2025,API for parsing multimodal unstructured data,"Hey YC, we areAman MishraandAdnan AbbasfromUnsiloed AI.TL;DR:Unsiloed AI is building the most accura, Hey YC, we areAman MishraandAdnan AbbasfromUnsiloed AI.TL;DR:Unsiloed AI is building the most accura","https://www.linkedin.com/in/aman005/, https://www.linkedin.com/in/adnan-abbas-903b711a2",https://www.ycombinator.com/companies/unsiloed-ai,https://www.unsiloed.ai/
SF Tensor,Fall 2025,Infrastructure for AI labs to focus on research.,"Hey everyone 👋We’reBen,TomandLuk- co-founders of SF Tensor.TL;DR:We let AI researchers forget about , Hey everyone 👋We’reBen,TomandLuk- co-founders of SF Tensor.TL;DR:We let AI researchers forget about , Hey everyone 👋We’reBen,TomandLuk- co-founders of SF Tensor.TL;DR:We let AI researchers forget about ","https://www.linkedin.com/in/benkoska/, https://www.linkedin.com/in/tomkoska/, https://www.linkedin.com/in/lukkoska/",https://www.ycombinator.com/companies/sf-tensor,https://sf-tensor.com
Nivara,Fall 2025,The intelligence layer for how your teams use AI,"Startup Directory, Tejas Agarwal, Pankaj Mishra",,https://www.ycombinator.com/companies/nivara,https://getnivara.com
Lakonia,Fall 2025,Delivering AI-powered situational awareness in tactical environments.,"Hi! We’reGordyandJustin. We’re excited to publicly announce what we’ve been building at Lakonia.TL;D, Hi! We’reGordyandJustin. We’re excited to publicly announce what we’ve been building at Lakonia.TL;D","https://www.linkedin.com/in/gordysun/, https://www.linkedin.com/in/justin2028/",https://www.ycombinator.com/companies/lakonia,https://lakonia.us.com
SellRaze,Fall 2025,The fastest way to sell online.,"Hi everyone 👋We’reJeffandTyler, co-founders ofSellRaze.TL;DR:SellRaze can sell your stuff from just , Hi everyone 👋We’reJeffandTyler, co-founders ofSellRaze.TL;DR:SellRaze can sell your stuff from just ","https://www.linkedin.com/in/jeff-mao/, https://www.linkedin.com/in/tyler-ma-9854751aa/",https://www.ycombinator.com/companies/sellraze,https://sellraze.com
Mod AI,Fall 2025,Our AI Agents Replace Accounting Clerks,"Hey everyone 👋We’reEvanandJeet– co-founders ofMod AI.TL;DRMod AI automates the manual work of proces, Hey everyone 👋We’reEvanandJeet– co-founders ofMod AI.TL;DRMod AI automates the manual work of proces","https://www.linkedin.com/in/evanameyer/, https://www.linkedin.com/in/jeetchugh/",https://www.ycombinator.com/companies/mod-ai,https://usemod.ai
Flick,Fall 2025,"Figma + Cursor, for AI Filmmaking","👉Other AI tools generate clips—Flick lets you direct Films👇All launch video content made with Flickb, 👉Other AI tools generate clips—Flick lets you direct Films👇All launch video content made with Flickb","https://www.linkedin.com/in/ruiwang3/, https://www.linkedin.com/in/z0ey/",https://www.ycombinator.com/companies/flick,https://flick.art
Semble AI,Fall 2025,Autonomous building-system design for construction companies.,"Startup Directory, Jonathan Tyshler, Ethan Boyers",,https://www.ycombinator.com/companies/semble-ai,https://www.sembleai.com
AtlasGrid,Fall 2025,Accelerate Product Iteration,"https://www.youtube.com/watch?v=W-VDeXPeNCATLDRAtlasGrid automatically builds a visual graph of your, https://www.youtube.com/watch?v=W-VDeXPeNCATLDRAtlasGrid automatically builds a visual graph of your, https://www.youtube.com/watch?v=W-VDeXPeNCATLDRAtlasGrid automatically builds a visual graph of your","https://www.linkedin.com/in/olegkostour/, https://www.linkedin.com/in/antonkrutiansky/, https://www.linkedin.com/in/aaghababyan/",https://www.ycombinator.com/companies/atlasgrid,https://atlasgrid.ai
Wardstone,Fall 2025,Satellites for Missile Defense,"IntroductionHi YC,We areTobiasandSebastian. Cofounders (and brothers!) ofWardstone.TL;DR:Wardstone b, IntroductionHi YC,We areTobiasandSebastian. Cofounders (and brothers!) ofWardstone.TL;DR:Wardstone b","https://www.linkedin.com/in/tobifischer/, https://www.linkedin.com/in/sebafischer/",https://www.ycombinator.com/companies/wardstone,https://www.wardstone.space
Nessie,Fall 2025,Shareable AI Brains for Everyone,"Hey everyone! We'reAnnaandTiger– co-founders ofNessie.TLDR: Nessie turns your scattered AI conversat, Hey everyone! We'reAnnaandTiger– co-founders ofNessie.TLDR: Nessie turns your scattered AI conversat","https://www.linkedin.com/in/anna-zhang-y/, https://www.linkedin.com/in/tiger-wang-6a9b06189/",https://www.ycombinator.com/companies/nessie,https://nessielabs.com/
Questom,Fall 2025,AI Agents for B2B Inbound Sales,"Startup Directory, Abhimanyu Yadav, Ritanshu Dokania",,https://www.ycombinator.com/companies/questom,https://www.questom.ai
Hypercubic,Fall 2025,AI to maintain and modernize COBOL.,"Startup Directory, Sai Gurrapu, Aayush Naik",,https://www.ycombinator.com/companies/hypercubic,https://www.hypercubic.ai/
Cranston AI,Fall 2025,Full Stack AI Accounting Firm,"Startup Directory, Max Minsker",,https://www.ycombinator.com/companies/cranston-ai,https://www.cranstonai.com/
Veria Labs,Fall 2025,Continuous AI pentesting that finds and fixes vulnerabilities,"Startup Directory, Cayden Liao, Jayden Sarveshkumar",,https://www.ycombinator.com/companies/veria-labs,https://verialabs.com
Velum Labs,Fall 2025,Firewall that controls access to information across AI and humans,Startup Directory,,https://www.ycombinator.com/companies/velum-labs,https://www.velum-labs.com/
Iris,Fall 2025,The Digital Extension of Yourself,"Startup Directory, Samika Sanghvi, Siddhant Lad",,https://www.ycombinator.com/companies/iriscal,https://textiris.com/
Koyal,Fall 2025,Agentic AI Filmmaking Platform,"Startup Directory, Gauri Agarwal, Mehul Agarwal",,https://www.ycombinator.com/companies/koyal,https://koyal.ai
PlayVision,Fall 2025,AI Moneyball for Sports,"Hello everyone! We’reAnishandMarc, the Co-Founders of PlayVision!TL;DR:PlayVision lets basketball te, Hello everyone! We’reAnishandMarc, the Co-Founders of PlayVision!TL;DR:PlayVision lets basketball te","https://www.linkedin.com/in/anishjaygupta/, https://www.linkedin.com/in/marc-zoghby/",https://www.ycombinator.com/companies/playvision,https://withplayvision.ai/
Kaigo Health,Fall 2025,AI outpatient care workforce,"Startup Directory, Peter Chien, Kazuki Shin, Lukas Klaiber",,https://www.ycombinator.com/companies/kaigo-health,https://www.kaigohealth.ai/
Norra,Fall 2025,Automating equipment operations for nursing facilities,"Hey everyone! This isBenandYiningfromNorra. We’re building the AI equipment operations platform for , Hey everyone! This isBenandYiningfromNorra. We’re building the AI equipment operations platform for ","https://www.linkedin.com/in/benjamin--rubin/, https://www.linkedin.com/in/yining-z/",https://www.ycombinator.com/companies/norra,https://www.norra.io
Lunavo,Fall 2025,Lunavo is the AI assistant for carriers.,"Startup Directory, Niclas Heun",,https://www.ycombinator.com/companies/lunavo,https://lunavo.ai
Dari,Fall 2025,An API to build the most reliable browser use agents,"Hey everyone,We’reBenandAvyay, the cofounders ofDari!Tl;drhttps://youtu.be/qE8wWHLhcv0We've built th, Hey everyone,We’reBenandAvyay, the cofounders ofDari!Tl;drhttps://youtu.be/qE8wWHLhcv0We've built th","https://www.linkedin.com/in/benjaminyhong/, https://www.linkedin.com/in/avyayv/",https://www.ycombinator.com/companies/dari,https://usedari.com
The Context Company,Fall 2025,Semantic observability for AI agents to help teams fix failures fast,"What is up! We’reArmanandRohil- cofounders ofThe Context CompanyTL;DRSetup takes under 10 lines of c, What is up! We’reArmanandRohil- cofounders ofThe Context CompanyTL;DRSetup takes under 10 lines of c","https://www.linkedin.com/in/armankumaraswamy/, https://www.linkedin.com/in/rohil-ag/",https://www.ycombinator.com/companies/the-context-company,https://thecontext.company
Caddy,Fall 2025,The voice interface that works proactively for you,"Hey everyone, we’reConnorandRajiv.We led Loom’s AI suite and saw firsthand how natural language was , Hey everyone, we’reConnorandRajiv.We led Loom’s AI suite and saw firsthand how natural language was ","https://www.linkedin.com/in/connor-waslo/, https://www.linkedin.com/in/rajivsancheti/",https://www.ycombinator.com/companies/caddy,https://trycaddy.ai/
Locus,Fall 2025,Payment infrastructure for AI agents,"Hey YC! We’re Cole and Eliot, and we’re buildingLocus,which is payment infrastructure for AI agents., Hey YC! We’re Cole and Eliot, and we’re buildingLocus,which is payment infrastructure for AI agents.","https://www.linkedin.com/in/coledermott, https://www.linkedin.com/in/eliotlee3/",https://www.ycombinator.com/companies/locus,https://paywithlocus.com
Sorce,Fall 2025,Tinder for jobs,"Startup Directory, Oluwapelumi Dada, Daniel Ajayi",,https://www.ycombinator.com/companies/sorce,https://sorce.jobs
Deeptrace,Fall 2025,AI agents for on-call,"Startup Directory, Andy Lee, Sri Somasundaram",,https://www.ycombinator.com/companies/deeptrace,https://deeptrace.com/
Alt-X,Fall 2025,AI Diligence Tools for Private Investors,"Startup Directory, Ryan Samadi, Michael Wachsman",,https://www.ycombinator.com/companies/alt-x,https://alt-x.co
Aspect,Fall 2025,AI Visual Understanding for Multimodal Data ,"Hey! We’re Edison, Gurish, and Bright - founders ofAspect🎥 💥TL;DRWe’ve spent10,000+ hourswith in-hou, Hey! We’re Edison, Gurish, and Bright - founders ofAspect🎥 💥TL;DRWe’ve spent10,000+ hourswith in-hou, Hey! We’re Edison, Gurish, and Bright - founders ofAspect🎥 💥TL;DRWe’ve spent10,000+ hourswith in-hou","https://www.linkedin.com/in/edison-chiu/, https://www.linkedin.com/in/gurish-sharma-/, https://www.linkedin.com/in/brightxu/",https://www.ycombinator.com/companies/aspect-inc,https://aspect.inc
